id,position,rank,base,acclimatization,duty_time,rest_time,tacc_week,tacc_month,tacc_year,cpm_deadhead,cpm_reserve,specs
RHINQLPI,LEH,CP,LEH,LEH,0,1200,0,0,0,29,40,ERJ
LRUHTUFI,LEH,FO,LEH,LEH,0,1200,0,0,0,20,46,ERJ
SHGQJTLL,LEH,CS,LEH,LEH,0,1200,0,0,0,28,43,ERJ
QMIPMNPS,LEH,ST,LEH,LEH,0,1200,0,0,0,24,40,ERJ
LJWMNMSU,LEH,ST,LEH,LEH,0,1200,0,0,0,29,59,ERJ
UJGETCCU,TLS,CP,TLS,TLS,0,1200,0,0,0,29,59,CRJ
WVPYKDMU,TLS,FO,TLS,TLS,0,1200,0,0,0,22,46,CRJ
NXYWBPTM,TLS,CS,TLS,TLS,0,1200,0,0,0,29,47,CRJ
HRQBSEVF,TLS,ST,TLS,TLS,0,1200,0,0,0,21,55,CRJ
MVTQKSHF,TLS,ST,TLS,TLS,0,1200,0,0,0,29,40,CRJ
GDVMGXJY,BES,CP,BES,BES,0,1200,0,0,0,25,54,Airbus
WNFGDOJS,BES,FO,BES,BES,0,1200,0,0,0,28,49,Airbus
ASNYCTBM,BES,CSD,BES,BES,0,1200,0,0,0,22,47,Airbus
COQVMMMS,BES,CSD,BES,BES,0,1200,0,0,0,24,54,Airbus
KGYSZVOJ,BES,ST,BES,BES,0,1200,0,0,0,24,54,Airbus
JRWUGOWZ,BES,ST,BES,BES,0,1200,0,0,0,27,44,Airbus
JZUSNTEH,BES,ST,BES,BES,0,1200,0,0,0,26,50,Airbus
GHEBOXMD,BES,ST,BES,BES,0,1200,0,0,0,23,45,Airbus
FBZIYQHH,BES,CP,BES,BES,0,1200,0,0,0,20,56,ERJ
PLJPCLPX,BES,FO,BES,BES,0,1200,0,0,0,24,54,ERJ
PROFNDJO,BES,CS,BES,BES,0,1200,0,0,0,27,59,ERJ
KPJPZSGW,BES,ST,BES,BES,0,1200,0,0,0,22,46,ERJ
ZKLYFABF,BES,ST,BES,BES,0,1200,0,0,0,24,47,ERJ
CEPZPCSJ,CFR,CP,CFR,CFR,0,1200,0,0,0,26,46,ERJ
GGKZMYZQ,CFR,FO,CFR,CFR,0,1200,0,0,0,28,42,ERJ
BMSAHRRZ,CFR,CS,CFR,CFR,0,1200,0,0,0,22,47,ERJ
MRKFBMYM,CFR,ST,CFR,CFR,0,1200,0,0,0,26,52,ERJ
LBOQWSXD,CFR,ST,CFR,CFR,0,1200,0,0,0,24,58,ERJ
UYUEGTDN,PUF,CP,PUF,PUF,0,1200,0,0,0,25,53,Fokker
KSZMODEP,PUF,FO,PUF,PUF,0,1200,0,0,0,28,43,Fokker
TZFJOUTA,PUF,CS,PUF,PUF,0,1200,0,0,0,27,50,Fokker
BRNZIMDV,PUF,ST,PUF,PUF,0,1200,0,0,0,21,58,Fokker
ATMZNLSJ,PUF,ST,PUF,PUF,0,1200,0,0,0,23,57,Fokker
GJSZBWWI,PUF,ST,PUF,PUF,0,1200,0,0,0,25,56,Fokker
YQKJNZHP,RNS,CP,RNS,RNS,0,1200,0,0,0,26,52,Fokker
IIQBZQZY,RNS,FO,RNS,RNS,0,1200,0,0,0,25,47,Fokker
JZQFDYAT,RNS,CS,RNS,RNS,0,1200,0,0,0,20,54,Fokker
IVVSFZMY,RNS,ST,RNS,RNS,0,1200,0,0,0,25,44,Fokker
QLJGIJMO,RNS,ST,RNS,RNS,0,1200,0,0,0,20,54,Fokker
RMVODYQO,RNS,ST,RNS,RNS,0,1200,0,0,0,21,46,Fokker
UNIVPUJB,MLH,CP,MLH,MLH,0,1200,0,0,0,29,48,Airbus
QVORHWPE,MLH,FO,MLH,MLH,0,1200,0,0,0,25,48,Airbus
LNQJUNIJ,MLH,CSD,MLH,MLH,0,1200,0,0,0,28,56,Airbus
SMPIPRCR,MLH,CSD,MLH,MLH,0,1200,0,0,0,23,56,Airbus
CWSVHNRA,MLH,ST,MLH,MLH,0,1200,0,0,0,21,40,Airbus
MHKSCAXP,MLH,ST,MLH,MLH,0,1200,0,0,0,22,47,Airbus
SFBVCUBR,MLH,ST,MLH,MLH,0,1200,0,0,0,26,46,Airbus
RKKTPWQY,MLH,ST,MLH,MLH,0,1200,0,0,0,23,52,Airbus
TCMCCBHI,MRS,CP,MRS,MRS,0,1200,0,0,0,29,42,Airbus
TKMDJNQF,MRS,FO,MRS,MRS,0,1200,0,0,0,24,54,Airbus
UONWAXEN,MRS,CSD,MRS,MRS,0,1200,0,0,0,27,49,Airbus
RXEWPBEQ,MRS,CSD,MRS,MRS,0,1200,0,0,0,29,55,Airbus
ISTZMOIC,MRS,ST,MRS,MRS,0,1200,0,0,0,24,42,Airbus
BUZVRNOT,MRS,ST,MRS,MRS,0,1200,0,0,0,27,53,Airbus
AZWUTZSM,MRS,ST,MRS,MRS,0,1200,0,0,0,23,41,Airbus
IYBCHWPG,MRS,ST,MRS,MRS,0,1200,0,0,0,21,44,Airbus
XUFUSYUA,LIG,CP,LIG,LIG,0,1200,0,0,0,20,48,BAE
ETQYYMZH,LIG,FO,LIG,LIG,0,1200,0,0,0,20,45,BAE
EJKVSNGF,LIG,CSD,LIG,LIG,0,1200,0,0,0,25,53,BAE
OHTIBQFR,LIG,ST,LIG,LIG,0,1200,0,0,0,28,46,BAE
IGODXABC,LIG,ST,LIG,LIG,0,1200,0,0,0,24,41,BAE
BVBIRXYO,RNS,CP,RNS,RNS,0,1200,0,0,0,25,46,CRJ
AYNXQBPZ,RNS,FO,RNS,RNS,0,1200,0,0,0,25,52,CRJ
LUEREEYZ,RNS,CS,RNS,RNS,0,1200,0,0,0,20,43,CRJ
GFXDYAXW,RNS,ST,RNS,RNS,0,1200,0,0,0,22,57,CRJ
BCTEKFWG,RNS,ST,RNS,RNS,0,1200,0,0,0,23,50,CRJ
WPMCGXXF,AVN,CP,AVN,AVN,0,1200,0,0,0,28,47,ERJ
FUEPQROB,AVN,FO,AVN,AVN,0,1200,0,0,0,22,59,ERJ
EDLBCKDK,AVN,CS,AVN,AVN,0,1200,0,0,0,23,45,ERJ
WQFIZXFF,AVN,ST,AVN,AVN,0,1200,0,0,0,26,51,ERJ
KUSRKPZX,AVN,ST,AVN,AVN,0,1200,0,0,0,23,58,ERJ
UGIXMSHJ,LIG,CP,LIG,LIG,0,1200,0,0,0,27,54,Airbus
CZGGFPVG,LIG,FO,LIG,LIG,0,1200,0,0,0,22,52,Airbus
JDKNLFCE,LIG,CSD,LIG,LIG,0,1200,0,0,0,28,47,Airbus
IHUIXLIX,LIG,CSD,LIG,LIG,0,1200,0,0,0,24,57,Airbus
ZHESEFEQ,LIG,ST,LIG,LIG,0,1200,0,0,0,26,56,Airbus
XPVIXYBV,LIG,ST,LIG,LIG,0,1200,0,0,0,24,51,Airbus
JFAQPOCY,LIG,ST,LIG,LIG,0,1200,0,0,0,21,59,Airbus
WSVFZDBH,LIG,ST,LIG,LIG,0,1200,0,0,0,21,58,Airbus
FLDDUPPY,MRS,CP,MRS,MRS,0,1200,0,0,0,24,40,Airbus
ZXCQNCIQ,MRS,FO,MRS,MRS,0,1200,0,0,0,25,45,Airbus
QABYHFFY,MRS,CSD,MRS,MRS,0,1200,0,0,0,25,48,Airbus
ISCOILHP,MRS,CSD,MRS,MRS,0,1200,0,0,0,23,49,Airbus
GBQGTXJZ,MRS,ST,MRS,MRS,0,1200,0,0,0,26,44,Airbus
JWZNFZEI,MRS,ST,MRS,MRS,0,1200,0,0,0,28,57,Airbus
YSMSEEIH,MRS,ST,MRS,MRS,0,1200,0,0,0,26,59,Airbus
UHYKIBWQ,MRS,ST,MRS,MRS,0,1200,0,0,0,20,44,Airbus
FQPNRDMT,BES,CP,BES,BES,0,1200,0,0,0,23,52,Airbus
LFLOYORV,BES,FO,BES,BES,0,1200,0,0,0,29,57,Airbus
XIUXILHQ,BES,CSD,BES,BES,0,1200,0,0,0,28,40,Airbus
UHITTKXN,BES,CSD,BES,BES,0,1200,0,0,0,28,58,Airbus
TGQHSUUJ,BES,ST,BES,BES,0,1200,0,0,0,21,52,Airbus
YSPDKGIA,BES,ST,BES,BES,0,1200,0,0,0,21,45,Airbus
HRIKXTDE,BES,ST,BES,BES,0,1200,0,0,0,22,53,Airbus
JFEUBIYW,BES,ST,BES,BES,0,1200,0,0,0,26,54,Airbus
TDQOTVND,NTE,CP,NTE,NTE,0,1200,0,0,0,21,54,Airbus
ZLAWNFYH,NTE,FO,NTE,NTE,0,1200,0,0,0,25,59,Airbus
WRXQXZFO,NTE,CSD,NTE,NTE,0,1200,0,0,0,22,42,Airbus
ICNEBFOG,NTE,CSD,NTE,NTE,0,1200,0,0,0,21,43,Airbus
TBSZDFLL,NTE,ST,NTE,NTE,0,1200,0,0,0,22,49,Airbus
LGXETXZQ,NTE,ST,NTE,NTE,0,1200,0,0,0,20,42,Airbus
VFNJTBIW,NTE,ST,NTE,NTE,0,1200,0,0,0,25,53,Airbus
RXLGWANR,NTE,ST,NTE,NTE,0,1200,0,0,0,29,55,Airbus
GSBBUHIQ,CFE,CP,CFE,CFE,0,1200,0,0,0,22,59,ERJ
TGHKBPJO,CFE,FO,CFE,CFE,0,1200,0,0,0,23,50,ERJ
NOFOLLPP,CFE,CS,CFE,CFE,0,1200,0,0,0,21,43,ERJ
KFPGRSJE,CFE,ST,CFE,CFE,0,1200,0,0,0,22,49,ERJ
YZVGJCVC,CFE,ST,CFE,CFE,0,1200,0,0,0,23,46,ERJ
NFLSHRBH,CFE,CP,CFE,CFE,0,1200,0,0,0,24,44,Airbus
IGGZCAEJ,CFE,FO,CFE,CFE,0,1200,0,0,0,27,58,Airbus
OZCQYZLK,CFE,CSD,CFE,CFE,0,1200,0,0,0,28,53,Airbus
FBQIVQLY,CFE,CSD,CFE,CFE,0,1200,0,0,0,20,59,Airbus
QVHEBTQX,CFE,ST,CFE,CFE,0,1200,0,0,0,22,45,Airbus
UJKUWRYU,CFE,ST,CFE,CFE,0,1200,0,0,0,26,45,Airbus
VNKJFNGB,CFE,ST,CFE,CFE,0,1200,0,0,0,23,57,Airbus
YIRVZLQR,CFE,ST,CFE,CFE,0,1200,0,0,0,26,43,Airbus
AWLHBMRB,PUF,CP,PUF,PUF,0,1200,0,0,0,25,52,Airbus
QOKWLXKE,PUF,FO,PUF,PUF,0,1200,0,0,0,27,48,Airbus
HHPSCGSG,PUF,CSD,PUF,PUF,0,1200,0,0,0,21,47,Airbus
PQTBAKQI,PUF,CSD,PUF,PUF,0,1200,0,0,0,22,51,Airbus
ITZBOCPP,PUF,ST,PUF,PUF,0,1200,0,0,0,27,59,Airbus
UMXMWRTV,PUF,ST,PUF,PUF,0,1200,0,0,0,25,43,Airbus
UKNOSHIR,PUF,ST,PUF,PUF,0,1200,0,0,0,25,54,Airbus
LPPPPUGC,PUF,ST,PUF,PUF,0,1200,0,0,0,26,48,Airbus
PEJCFNXT,MPL,CP,MPL,MPL,0,1200,0,0,0,22,52,Airbus
BHNHQTER,MPL,FO,MPL,MPL,0,1200,0,0,0,21,49,Airbus
SDHUEEJX,MPL,CSD,MPL,MPL,0,1200,0,0,0,22,42,Airbus
GLZIXLHH,MPL,CSD,MPL,MPL,0,1200,0,0,0,24,49,Airbus
RZOGSIVG,MPL,ST,MPL,MPL,0,1200,0,0,0,27,53,Airbus
SVSASBMV,MPL,ST,MPL,MPL,0,1200,0,0,0,29,42,Airbus
GJLDFCLR,MPL,ST,MPL,MPL,0,1200,0,0,0,24,40,Airbus
ZNWRAASI,MPL,ST,MPL,MPL,0,1200,0,0,0,27,46,Airbus
IFOJNQBA,TLS,CP,TLS,TLS,0,1200,0,0,0,21,48,Airbus
HGDDPSRM,TLS,FO,TLS,TLS,0,1200,0,0,0,21,52,Airbus
LZFPVYJQ,TLS,CSD,TLS,TLS,0,1200,0,0,0,25,40,Airbus
HJJMDGTV,TLS,CSD,TLS,TLS,0,1200,0,0,0,29,48,Airbus
RXBYJEHB,TLS,ST,TLS,TLS,0,1200,0,0,0,24,59,Airbus
BHVRUDYD,TLS,ST,TLS,TLS,0,1200,0,0,0,24,51,Airbus
VBLZFAUH,TLS,ST,TLS,TLS,0,1200,0,0,0,28,51,Airbus
JYCSGMOV,TLS,ST,TLS,TLS,0,1200,0,0,0,22,46,Airbus
LAVWTYFK,NCE,CP,NCE,NCE,0,1200,0,0,0,27,55,Airbus
YKWAXAQK,NCE,FO,NCE,NCE,0,1200,0,0,0,28,43,Airbus
XEJGDLBJ,NCE,CSD,NCE,NCE,0,1200,0,0,0,25,41,Airbus
PWZUXKKD,NCE,CSD,NCE,NCE,0,1200,0,0,0,29,57,Airbus
UGIZTJMR,NCE,ST,NCE,NCE,0,1200,0,0,0,22,58,Airbus
MVCKISOK,NCE,ST,NCE,NCE,0,1200,0,0,0,25,41,Airbus
RHWGNSEN,NCE,ST,NCE,NCE,0,1200,0,0,0,23,44,Airbus
KYDSUSRO,NCE,ST,NCE,NCE,0,1200,0,0,0,28,47,Airbus
MEEOTLMK,RDZ,CP,RDZ,RDZ,0,1200,0,0,0,20,58,BAE
ANINOGDD,RDZ,FO,RDZ,RDZ,0,1200,0,0,0,29,49,BAE
HFCFRMVZ,RDZ,CSD,RDZ,RDZ,0,1200,0,0,0,20,41,BAE
BSFSKLPS,RDZ,ST,RDZ,RDZ,0,1200,0,0,0,27,45,BAE
NENOYNPY,RDZ,ST,RDZ,RDZ,0,1200,0,0,0,25,48,BAE
TRSUTYER,NCE,CP,NCE,NCE,0,1200,0,0,0,23,58,ERJ
CXOYZTXZ,NCE,FO,NCE,NCE,0,1200,0,0,0,22,49,ERJ
ECNSHMTH,NCE,CS,NCE,NCE,0,1200,0,0,0,21,50,ERJ
NXMQZCGB,NCE,ST,NCE,NCE,0,1200,0,0,0,20,41,ERJ
ICEICSZN,NCE,ST,NCE,NCE,0,1200,0,0,0,26,57,ERJ
LQXQERNI,TLN,CP,TLN,TLN,0,1200,0,0,0,20,52,Airbus
HSJJIZXR,TLN,FO,TLN,TLN,0,1200,0,0,0,28,55,Airbus
OORNWSOR,TLN,CSD,TLN,TLN,0,1200,0,0,0,23,43,Airbus
LVFTJRZE,TLN,CSD,TLN,TLN,0,1200,0,0,0,28,44,Airbus
JLUKQSLO,TLN,ST,TLN,TLN,0,1200,0,0,0,20,57,Airbus
YETJERRH,TLN,ST,TLN,TLN,0,1200,0,0,0,24,42,Airbus
LMEBHDMF,TLN,ST,TLN,TLN,0,1200,0,0,0,26,54,Airbus
QRLPSUZO,TLN,ST,TLN,TLN,0,1200,0,0,0,27,49,Airbus
MZUDHCAQ,LIL,CP,LIL,LIL,0,1200,0,0,0,23,52,Airbus
ARHLCAEB,LIL,FO,LIL,LIL,0,1200,0,0,0,29,53,Airbus
SRQXXXLH,LIL,CSD,LIL,LIL,0,1200,0,0,0,20,48,Airbus
UXRNDUXC,LIL,CSD,LIL,LIL,0,1200,0,0,0,25,43,Airbus
UBVSEOFA,LIL,ST,LIL,LIL,0,1200,0,0,0,22,57,Airbus
ZCQHZUKE,LIL,ST,LIL,LIL,0,1200,0,0,0,29,53,Airbus
MWXEBBSB,LIL,ST,LIL,LIL,0,1200,0,0,0,21,57,Airbus
MTXEYXHE,LIL,ST,LIL,LIL,0,1200,0,0,0,27,41,Airbus
BGDHNVJC,NTE,CP,NTE,NTE,0,1200,0,0,0,29,58,Airbus
ECTCHVPM,NTE,FO,NTE,NTE,0,1200,0,0,0,22,47,Airbus
NZBXPBFI,NTE,CSD,NTE,NTE,0,1200,0,0,0,20,43,Airbus
GSYXPDFP,NTE,CSD,NTE,NTE,0,1200,0,0,0,28,54,Airbus
PAONLDJH,NTE,ST,NTE,NTE,0,1200,0,0,0,21,42,Airbus
MQIFWXAR,NTE,ST,NTE,NTE,0,1200,0,0,0,20,51,Airbus
EXSGDMOI,NTE,ST,NTE,NTE,0,1200,0,0,0,21,51,Airbus
LVHLGPNQ,NTE,ST,NTE,NTE,0,1200,0,0,0,21,59,Airbus
UWWYMZJM,UIP,CP,UIP,UIP,0,1200,0,0,0,20,48,BAE
YLVEHLRN,UIP,FO,UIP,UIP,0,1200,0,0,0,29,45,BAE
EOFYSRLO,UIP,CSD,UIP,UIP,0,1200,0,0,0,24,41,BAE
IGZIGOVA,UIP,ST,UIP,UIP,0,1200,0,0,0,24,55,BAE
KWSEMLDL,UIP,ST,UIP,UIP,0,1200,0,0,0,26,56,BAE
KXPMDUKW,NCE,CP,NCE,NCE,0,1200,0,0,0,22,50,CRJ
AASFRQHP,NCE,FO,NCE,NCE,0,1200,0,0,0,26,53,CRJ
JRYAHFQT,NCE,CS,NCE,NCE,0,1200,0,0,0,24,54,CRJ
DQPDCCBO,NCE,ST,NCE,NCE,0,1200,0,0,0,24,52,CRJ
TLVFDBRD,NCE,ST,NCE,NCE,0,1200,0,0,0,20,50,CRJ
ZNPBZCDD,ORY,CP,ORY,ORY,0,1200,0,0,0,23,58,Airbus
LREXJPHV,ORY,FO,ORY,ORY,0,1200,0,0,0,22,54,Airbus
VHYEYDJL,ORY,CSD,ORY,ORY,0,1200,0,0,0,23,52,Airbus
VZCKKNVE,ORY,CSD,ORY,ORY,0,1200,0,0,0,27,41,Airbus
KPRMAXDP,ORY,ST,ORY,ORY,0,1200,0,0,0,29,50,Airbus
JTDSYJTU,ORY,ST,ORY,ORY,0,1200,0,0,0,29,47,Airbus
RBHSQFOH,ORY,ST,ORY,ORY,0,1200,0,0,0,25,57,Airbus
ZOKNRYQH,ORY,ST,ORY,ORY,0,1200,0,0,0,29,55,Airbus
UUXYAUOU,TLS,CP,TLS,TLS,0,1200,0,0,0,24,48,Airbus
LNEQYSEO,TLS,FO,TLS,TLS,0,1200,0,0,0,29,42,Airbus
ZXOQWMXU,TLS,CSD,TLS,TLS,0,1200,0,0,0,28,52,Airbus
DJPOGIPN,TLS,CSD,TLS,TLS,0,1200,0,0,0,27,42,Airbus
BUQVCELB,TLS,ST,TLS,TLS,0,1200,0,0,0,29,58,Airbus
HDCWPMYQ,TLS,ST,TLS,TLS,0,1200,0,0,0,26,49,Airbus
ITUNVXGN,TLS,ST,TLS,TLS,0,1200,0,0,0,20,59,Airbus
XSCUVHKC,TLS,ST,TLS,TLS,0,1200,0,0,0,26,59,Airbus
DSCCPEGK,LYS,CP,LYS,LYS,0,1200,0,0,0,29,46,Airbus
PHBMHJDE,LYS,FO,LYS,LYS,0,1200,0,0,0,21,46,Airbus
JXAOJLYP,LYS,CSD,LYS,LYS,0,1200,0,0,0,27,47,Airbus
GMEDPKAZ,LYS,CSD,LYS,LYS,0,1200,0,0,0,24,52,Airbus
ZKZBDNWS,LYS,ST,LYS,LYS,0,1200,0,0,0,29,49,Airbus
NIJCGPNC,LYS,ST,LYS,LYS,0,1200,0,0,0,29,45,Airbus
VLGFFKJZ,LYS,ST,LYS,LYS,0,1200,0,0,0,26,40,Airbus
EPPIGXHL,LYS,ST,LYS,LYS,0,1200,0,0,0,23,48,Airbus
MGEQDEHK,BIQ,CP,BIQ,BIQ,0,1200,0,0,0,25,54,CRJ
OPTKACKG,BIQ,FO,BIQ,BIQ,0,1200,0,0,0,20,48,CRJ
FKWKWGPV,BIQ,CS,BIQ,BIQ,0,1200,0,0,0,20,45,CRJ
NDRTYZBM,BIQ,ST,BIQ,BIQ,0,1200,0,0,0,24,50,CRJ
JGGQRNDF,BIQ,ST,BIQ,BIQ,0,1200,0,0,0,22,46,CRJ
RUNOWCDJ,BOD,CP,BOD,BOD,0,1200,0,0,0,23,40,CRJ
WEMMLFMM,BOD,FO,BOD,BOD,0,1200,0,0,0,21,52,CRJ
MFGMGBGO,BOD,CS,BOD,BOD,0,1200,0,0,0,29,53,CRJ
XQNTLPIS,BOD,ST,BOD,BOD,0,1200,0,0,0,27,51,CRJ
GVXVVXVQ,BOD,ST,BOD,BOD,0,1200,0,0,0,26,49,CRJ
JMTSYEZT,SXB,CP,SXB,SXB,0,1200,0,0,0,28,45,Fokker
XOOYIFAY,SXB,FO,SXB,SXB,0,1200,0,0,0,23,40,Fokker
RANVNJRN,SXB,CS,SXB,SXB,0,1200,0,0,0,23,45,Fokker
PTACITXJ,SXB,ST,SXB,SXB,0,1200,0,0,0,25,52,Fokker
CQJIAUHJ,SXB,ST,SXB,SXB,0,1200,0,0,0,21,56,Fokker
GMFEHLTN,SXB,ST,SXB,SXB,0,1200,0,0,0,24,57,Fokker
LBVNYCEB,MPL,CP,MPL,MPL,0,1200,0,0,0,28,52,Airbus
KGDNISQX,MPL,FO,MPL,MPL,0,1200,0,0,0,20,44,Airbus
ENXRXHXC,MPL,CSD,MPL,MPL,0,1200,0,0,0,22,51,Airbus
RYNXSEXV,MPL,CSD,MPL,MPL,0,1200,0,0,0,25,50,Airbus
NXUOHMML,MPL,ST,MPL,MPL,0,1200,0,0,0,27,57,Airbus
UXEOCDNB,MPL,ST,MPL,MPL,0,1200,0,0,0,21,48,Airbus
XGUESVQC,MPL,ST,MPL,MPL,0,1200,0,0,0,26,54,Airbus
CFRKHMQA,MPL,ST,MPL,MPL,0,1200,0,0,0,27,49,Airbus
FRKEMBAO,AJA,CP,AJA,AJA,0,1200,0,0,0,22,43,Airbus
XDQIOGOM,AJA,FO,AJA,AJA,0,1200,0,0,0,28,44,Airbus
HDXGIGKH,AJA,CSD,AJA,AJA,0,1200,0,0,0,20,52,Airbus
CGPZRSIY,AJA,CSD,AJA,AJA,0,1200,0,0,0,26,47,Airbus
ZIMYBWSY,AJA,ST,AJA,AJA,0,1200,0,0,0,23,51,Airbus
GDZXCZNI,AJA,ST,AJA,AJA,0,1200,0,0,0,23,59,Airbus
BMSJJCBC,AJA,ST,AJA,AJA,0,1200,0,0,0,22,43,Airbus
ESNCTPBL,AJA,ST,AJA,AJA,0,1200,0,0,0,25,50,Airbus
ELLTMWCI,BIA,CP,BIA,BIA,0,1200,0,0,0,29,56,Airbus
GKOXMNYI,BIA,FO,BIA,BIA,0,1200,0,0,0,22,41,Airbus
OECNRKJV,BIA,CSD,BIA,BIA,0,1200,0,0,0,25,58,Airbus
UQNIUGLY,BIA,CSD,BIA,BIA,0,1200,0,0,0,29,57,Airbus
HFUVYGRH,BIA,ST,BIA,BIA,0,1200,0,0,0,20,53,Airbus
LYIHLDZL,BIA,ST,BIA,BIA,0,1200,0,0,0,29,41,Airbus
XGDWAZEY,BIA,ST,BIA,BIA,0,1200,0,0,0,23,55,Airbus
FCMHFPOS,BIA,ST,BIA,BIA,0,1200,0,0,0,21,45,Airbus
LNVOKMAC,SXB,CP,SXB,SXB,0,1200,0,0,0,24,57,BAE
QTAESNIH,SXB,FO,SXB,SXB,0,1200,0,0,0,20,47,BAE
ERIFUFXD,SXB,CSD,SXB,SXB,0,1200,0,0,0,22,49,BAE
IJPHKFFO,SXB,ST,SXB,SXB,0,1200,0,0,0,20,47,BAE
HUVUWRWW,SXB,ST,SXB,SXB,0,1200,0,0,0,22,48,BAE
YCQLUIPQ,ORY,CP,ORY,ORY,0,1200,0,0,0,22,46,Airbus
YNMLSNUP,ORY,FO,ORY,ORY,0,1200,0,0,0,21,59,Airbus
NTJWUZNX,ORY,CSD,ORY,ORY,0,1200,0,0,0,29,45,Airbus
LMINYFED,ORY,CSD,ORY,ORY,0,1200,0,0,0,20,49,Airbus
FPJSVKFG,ORY,ST,ORY,ORY,0,1200,0,0,0,25,57,Airbus
MHWLDYWT,ORY,ST,ORY,ORY,0,1200,0,0,0,22,46,Airbus
TQCJYKZO,ORY,ST,ORY,ORY,0,1200,0,0,0,21,53,Airbus
STIIUQFB,ORY,ST,ORY,ORY,0,1200,0,0,0,28,45,Airbus
CIUAKVLY,LRT,CP,LRT,LRT,0,1200,0,0,0,20,52,BAE
PPXGAJZQ,LRT,FO,LRT,LRT,0,1200,0,0,0,26,59,BAE
OYWNRFCI,LRT,CSD,LRT,LRT,0,1200,0,0,0,24,52,BAE
BEQDYVSJ,LRT,ST,LRT,LRT,0,1200,0,0,0,29,50,BAE
XXBGEYGZ,LRT,ST,LRT,LRT,0,1200,0,0,0,23,55,BAE
ULQVYBEK,BES,CP,BES,BES,0,1200,0,0,0,25,55,Fokker
HIXTKYPX,BES,FO,BES,BES,0,1200,0,0,0,20,45,Fokker
AZDNUNYC,BES,CS,BES,BES,0,1200,0,0,0,22,51,Fokker
ZTLFCJMU,BES,ST,BES,BES,0,1200,0,0,0,29,56,Fokker
KUQSMVNZ,BES,ST,BES,BES,0,1200,0,0,0,23,58,Fokker
KVDIIMHS,BES,ST,BES,BES,0,1200,0,0,0,29,43,Fokker
TQUGAYDR,NCE,CP,NCE,NCE,0,1200,0,0,0,27,44,Airbus
AKRZKVPQ,NCE,FO,NCE,NCE,0,1200,0,0,0,23,48,Airbus
JXPMRINK,NCE,CSD,NCE,NCE,0,1200,0,0,0,22,52,Airbus
ASSFPANX,NCE,CSD,NCE,NCE,0,1200,0,0,0,23,47,Airbus
CQFZXWXZ,NCE,ST,NCE,NCE,0,1200,0,0,0,21,41,Airbus
ZSZILCVH,NCE,ST,NCE,NCE,0,1200,0,0,0,20,53,Airbus
GYIOHFSO,NCE,ST,NCE,NCE,0,1200,0,0,0,22,54,Airbus
ZZVTRNQN,NCE,ST,NCE,NCE,0,1200,0,0,0,22,48,Airbus
BDMZBIQW,TLS,CP,TLS,TLS,0,1200,0,0,0,23,58,Airbus
TYZXDLWV,TLS,FO,TLS,TLS,0,1200,0,0,0,25,43,Airbus
LPFCWLZY,TLS,CSD,TLS,TLS,0,1200,0,0,0,24,58,Airbus
ZCYBSDPR,TLS,CSD,TLS,TLS,0,1200,0,0,0,21,42,Airbus
QDHAWAPS,TLS,ST,TLS,TLS,0,1200,0,0,0,20,47,Airbus
NSKMOHID,TLS,ST,TLS,TLS,0,1200,0,0,0,29,48,Airbus
MYLRIINP,TLS,ST,TLS,TLS,0,1200,0,0,0,28,42,Airbus
AGJMTWJU,TLS,ST,TLS,TLS,0,1200,0,0,0,28,49,Airbus
EHZJNZGB,MLH,CP,MLH,MLH,0,1200,0,0,0,29,44,Airbus
YNZHWZOJ,MLH,FO,MLH,MLH,0,1200,0,0,0,23,40,Airbus
SCUZLCKU,MLH,CSD,MLH,MLH,0,1200,0,0,0,28,59,Airbus
PHHPLPDS,MLH,CSD,MLH,MLH,0,1200,0,0,0,28,57,Airbus
JKFSPVDT,MLH,ST,MLH,MLH,0,1200,0,0,0,22,49,Airbus
FMVBSEZV,MLH,ST,MLH,MLH,0,1200,0,0,0,29,50,Airbus
DXAEXEJW,MLH,ST,MLH,MLH,0,1200,0,0,0,25,51,Airbus
BNWMZEGP,MLH,ST,MLH,MLH,0,1200,0,0,0,21,46,Airbus
QILHTYJX,TLS,CP,TLS,TLS,0,1200,0,0,0,23,52,Airbus
CGJDYCAA,TLS,FO,TLS,TLS,0,1200,0,0,0,23,56,Airbus
ZCRCIVVL,TLS,CSD,TLS,TLS,0,1200,0,0,0,25,51,Airbus
HMDLCXBJ,TLS,CSD,TLS,TLS,0,1200,0,0,0,29,56,Airbus
FPLOJCPY,TLS,ST,TLS,TLS,0,1200,0,0,0,26,47,Airbus
KGVOZOLM,TLS,ST,TLS,TLS,0,1200,0,0,0,26,54,Airbus
NFQOSWCS,TLS,ST,TLS,TLS,0,1200,0,0,0,23,45,Airbus
XAVIRVFH,TLS,ST,TLS,TLS,0,1200,0,0,0,25,51,Airbus
KEALLXIB,BOD,CP,BOD,BOD,0,1200,0,0,0,29,49,Airbus
MPGLNCFI,BOD,FO,BOD,BOD,0,1200,0,0,0,27,52,Airbus
BBUQOAAR,BOD,CSD,BOD,BOD,0,1200,0,0,0,20,56,Airbus
RWDQYJEE,BOD,CSD,BOD,BOD,0,1200,0,0,0,28,44,Airbus
YSQUUDCY,BOD,ST,BOD,BOD,0,1200,0,0,0,26,47,Airbus
XEEPITEY,BOD,ST,BOD,BOD,0,1200,0,0,0,21,52,Airbus
VEDGOXAI,BOD,ST,BOD,BOD,0,1200,0,0,0,29,53,Airbus
VTCCJPFL,BOD,ST,BOD,BOD,0,1200,0,0,0,22,47,Airbus
PNCOQVAS,BIQ,CP,BIQ,BIQ,0,1200,0,0,0,22,42,Airbus
GTDQCTDQ,BIQ,FO,BIQ,BIQ,0,1200,0,0,0,22,40,Airbus
UGLGRMWY,BIQ,CSD,BIQ,BIQ,0,1200,0,0,0,25,46,Airbus
GHWYZVBV,BIQ,CSD,BIQ,BIQ,0,1200,0,0,0,26,56,Airbus
AOZTIXQV,BIQ,ST,BIQ,BIQ,0,1200,0,0,0,25,58,Airbus
QELCTSSG,BIQ,ST,BIQ,BIQ,0,1200,0,0,0,21,56,Airbus
LMAIBNSJ,BIQ,ST,BIQ,BIQ,0,1200,0,0,0,29,48,Airbus
JIYCJBEX,BIQ,ST,BIQ,BIQ,0,1200,0,0,0,28,55,Airbus
SRHZTAZK,CDG,CP,CDG,CDG,0,1200,0,0,0,27,54,Airbus
HNQUXFCO,CDG,FO,CDG,CDG,0,1200,0,0,0,25,41,Airbus
RXWANFBX,CDG,CSD,CDG,CDG,0,1200,0,0,0,21,48,Airbus
KLQSBXJE,CDG,CSD,CDG,CDG,0,1200,0,0,0,28,47,Airbus
MQRBSMEP,CDG,ST,CDG,CDG,0,1200,0,0,0,27,55,Airbus
RHZNPDYS,CDG,ST,CDG,CDG,0,1200,0,0,0,23,45,Airbus
YVHQCMQB,CDG,ST,CDG,CDG,0,1200,0,0,0,20,44,Airbus
UBDWSCKV,CDG,ST,CDG,CDG,0,1200,0,0,0,28,57,Airbus
IACEPGWD,CDG,CP,CDG,CDG,0,1200,0,0,0,29,57,Airbus
WUDYUCIC,CDG,FO,CDG,CDG,0,1200,0,0,0,23,56,Airbus
LVHEVNDN,CDG,CSD,CDG,CDG,0,1200,0,0,0,23,40,Airbus
GFGRHGIA,CDG,CSD,CDG,CDG,0,1200,0,0,0,23,54,Airbus
FOZXVTEM,CDG,ST,CDG,CDG,0,1200,0,0,0,25,51,Airbus
PROJQQRU,CDG,ST,CDG,CDG,0,1200,0,0,0,25,49,Airbus
WGDZAYCZ,CDG,ST,CDG,CDG,0,1200,0,0,0,24,52,Airbus
CECANKFQ,CDG,ST,CDG,CDG,0,1200,0,0,0,27,49,Airbus
FMWFONIA,CDG,CP,CDG,CDG,0,1200,0,0,0,20,56,Airbus
WFAOJQLG,CDG,FO,CDG,CDG,0,1200,0,0,0,29,41,Airbus
WHXGAHZK,CDG,CSD,CDG,CDG,0,1200,0,0,0,27,54,Airbus
CHWHJVSG,CDG,CSD,CDG,CDG,0,1200,0,0,0,25,43,Airbus
LAFSIAVA,CDG,ST,CDG,CDG,0,1200,0,0,0,27,52,Airbus
SWNXYWLT,CDG,ST,CDG,CDG,0,1200,0,0,0,22,58,Airbus
RVPSBNEF,CDG,ST,CDG,CDG,0,1200,0,0,0,26,47,Airbus
ZGPQCRMX,CDG,ST,CDG,CDG,0,1200,0,0,0,29,54,Airbus
ZUESLNNR,ORY,CP,ORY,ORY,0,1200,0,0,0,23,48,Airbus
JFLDJQSA,ORY,FO,ORY,ORY,0,1200,0,0,0,21,42,Airbus
DJLWRBIL,ORY,CSD,ORY,ORY,0,1200,0,0,0,28,52,Airbus
OAFTVSQV,ORY,CSD,ORY,ORY,0,1200,0,0,0,27,43,Airbus
MWIHEGLW,ORY,ST,ORY,ORY,0,1200,0,0,0,20,40,Airbus
HVSYZSYN,ORY,ST,ORY,ORY,0,1200,0,0,0,27,48,Airbus
BFOPUCOQ,ORY,ST,ORY,ORY,0,1200,0,0,0,28,45,Airbus
ZVGQUXEK,ORY,ST,ORY,ORY,0,1200,0,0,0,24,59,Airbus
KODMFUGA,LYS,CP,LYS,LYS,0,1200,0,0,0,26,59,Airbus
BWNZZUBW,LYS,FO,LYS,LYS,0,1200,0,0,0,24,41,Airbus
VWUCQHYV,LYS,CSD,LYS,LYS,0,1200,0,0,0,21,46,Airbus
RVSYTPLO,LYS,CSD,LYS,LYS,0,1200,0,0,0,28,54,Airbus
JTNEPUAY,LYS,ST,LYS,LYS,0,1200,0,0,0,24,40,Airbus
PLJMXMEJ,LYS,ST,LYS,LYS,0,1200,0,0,0,24,56,Airbus
YIBOWAZF,LYS,ST,LYS,LYS,0,1200,0,0,0,29,40,Airbus
KYLVVBWV,LYS,ST,LYS,LYS,0,1200,0,0,0,23,46,Airbus
OIFHYWGZ,NCE,CP,NCE,NCE,0,1200,0,0,0,21,40,Airbus
PWDQUYNP,NCE,FO,NCE,NCE,0,1200,0,0,0,25,53,Airbus
BWNIYDYC,NCE,CSD,NCE,NCE,0,1200,0,0,0,23,50,Airbus
VXJKQZUJ,NCE,CSD,NCE,NCE,0,1200,0,0,0,29,58,Airbus
CEGFCBFO,NCE,ST,NCE,NCE,0,1200,0,0,0,27,56,Airbus
FFKDLQIR,NCE,ST,NCE,NCE,0,1200,0,0,0,28,55,Airbus
FFQMCDYP,NCE,ST,NCE,NCE,0,1200,0,0,0,21,47,Airbus
KDNYLMFQ,NCE,ST,NCE,NCE,0,1200,0,0,0,20,56,Airbus
AABGVIGJ,CDG,CP,CDG,CDG,0,1200,0,0,0,27,59,Airbus
UXTWEOMT,CDG,FO,CDG,CDG,0,1200,0,0,0,25,50,Airbus
EYNNOZNJ,CDG,CSD,CDG,CDG,0,1200,0,0,0,27,43,Airbus
AWQKICTD,CDG,CSD,CDG,CDG,0,1200,0,0,0,21,43,Airbus
KDPKRNAD,CDG,ST,CDG,CDG,0,1200,0,0,0,27,41,Airbus
YLAINGSD,CDG,ST,CDG,CDG,0,1200,0,0,0,24,49,Airbus
XJJKRCCZ,CDG,ST,CDG,CDG,0,1200,0,0,0,28,49,Airbus
DXDEKKWX,CDG,ST,CDG,CDG,0,1200,0,0,0,24,51,Airbus
TFBNRWDT,ORY,CP,ORY,ORY,0,1200,0,0,0,26,40,Airbus
PCARCUXC,ORY,FO,ORY,ORY,0,1200,0,0,0,20,52,Airbus
JINPUSIH,ORY,CSD,ORY,ORY,0,1200,0,0,0,29,54,Airbus
LENJWORQ,ORY,CSD,ORY,ORY,0,1200,0,0,0,29,49,Airbus
KEBEQKTB,ORY,ST,ORY,ORY,0,1200,0,0,0,28,46,Airbus
OWNHXRSP,ORY,ST,ORY,ORY,0,1200,0,0,0,25,48,Airbus
WFOQXTHX,ORY,ST,ORY,ORY,0,1200,0,0,0,21,52,Airbus
HKETPAMG,ORY,ST,ORY,ORY,0,1200,0,0,0,25,40,Airbus
GRZHIQVO,MRS,CP,MRS,MRS,0,1200,0,0,0,28,51,Airbus
FGHJMWIJ,MRS,FO,MRS,MRS,0,1200,0,0,0,27,48,Airbus
HOLMZJBD,MRS,CSD,MRS,MRS,0,1200,0,0,0,28,44,Airbus
SGPSNZOY,MRS,CSD,MRS,MRS,0,1200,0,0,0,22,42,Airbus
VVJGOKFD,MRS,ST,MRS,MRS,0,1200,0,0,0,23,45,Airbus
NNFTQRJG,MRS,ST,MRS,MRS,0,1200,0,0,0,21,41,Airbus
NZFRUQKS,MRS,ST,MRS,MRS,0,1200,0,0,0,26,52,Airbus
UYBDKDBU,MRS,ST,MRS,MRS,0,1200,0,0,0,21,45,Airbus
KHFGQSCW,LDE,CP,LDE,LDE,0,1200,0,0,0,27,43,ERJ
JLXFJVEG,LDE,FO,LDE,LDE,0,1200,0,0,0,26,44,ERJ
KCHOEFKR,LDE,CS,LDE,LDE,0,1200,0,0,0,20,58,ERJ
PGSDCOGG,LDE,ST,LDE,LDE,0,1200,0,0,0,29,59,ERJ
XJAIYKPF,LDE,ST,LDE,LDE,0,1200,0,0,0,22,42,ERJ
CNAZSXUV,ORY,CP,ORY,ORY,0,1200,0,0,0,22,50,Airbus
PAIGQGXG,ORY,FO,ORY,ORY,0,1200,0,0,0,26,49,Airbus
XSJDUMEH,ORY,CSD,ORY,ORY,0,1200,0,0,0,25,59,Airbus
CURLKWUQ,ORY,CSD,ORY,ORY,0,1200,0,0,0,27,45,Airbus
CHRQJOFQ,ORY,ST,ORY,ORY,0,1200,0,0,0,27,43,Airbus
IOKYPVOQ,ORY,ST,ORY,ORY,0,1200,0,0,0,22,46,Airbus
MPVGJGIM,ORY,ST,ORY,ORY,0,1200,0,0,0,29,57,Airbus
MEMZDSJT,ORY,ST,ORY,ORY,0,1200,0,0,0,21,58,Airbus
FQQJNREC,MRS,CP,MRS,MRS,0,1200,0,0,0,22,59,Airbus
CWZUXNAE,MRS,FO,MRS,MRS,0,1200,0,0,0,24,50,Airbus
JDHMQEQE,MRS,CSD,MRS,MRS,0,1200,0,0,0,20,50,Airbus
WUNPLGFE,MRS,CSD,MRS,MRS,0,1200,0,0,0,26,59,Airbus
BAFZQZCB,MRS,ST,MRS,MRS,0,1200,0,0,0,29,56,Airbus
QRNQGYDX,MRS,ST,MRS,MRS,0,1200,0,0,0,25,52,Airbus
IEATWHCW,MRS,ST,MRS,MRS,0,1200,0,0,0,26,49,Airbus
WRHIARTY,MRS,ST,MRS,MRS,0,1200,0,0,0,21,42,Airbus
VJTGUZGP,TLS,CP,TLS,TLS,0,1200,0,0,0,26,57,Airbus
DSJDHBAK,TLS,FO,TLS,TLS,0,1200,0,0,0,22,48,Airbus
MFJEHOYY,TLS,CSD,TLS,TLS,0,1200,0,0,0,27,56,Airbus
ZSTVUYVY,TLS,CSD,TLS,TLS,0,1200,0,0,0,29,44,Airbus
EXORSYSG,TLS,ST,TLS,TLS,0,1200,0,0,0,20,50,Airbus
MAMZWFBL,TLS,ST,TLS,TLS,0,1200,0,0,0,27,54,Airbus
EHOZVJUG,TLS,ST,TLS,TLS,0,1200,0,0,0,24,54,Airbus
VZGYQBRB,TLS,ST,TLS,TLS,0,1200,0,0,0,29,50,Airbus
TDGVYAXR,RNS,CP,RNS,RNS,0,1200,0,0,0,26,45,CRJ
ZZQDDQYN,RNS,FO,RNS,RNS,0,1200,0,0,0,22,46,CRJ
AGQAYLIP,RNS,CS,RNS,RNS,0,1200,0,0,0,27,42,CRJ
TKZAKULX,RNS,ST,RNS,RNS,0,1200,0,0,0,22,53,CRJ
MPQGNBJC,RNS,ST,RNS,RNS,0,1200,0,0,0,23,45,CRJ
XDALWUXJ,ORY,CP,ORY,ORY,0,1200,0,0,0,23,44,Airbus
HXKGNDGG,ORY,FO,ORY,ORY,0,1200,0,0,0,21,47,Airbus
NFFLODBL,ORY,CSD,ORY,ORY,0,1200,0,0,0,21,54,Airbus
AZGMJSZW,ORY,CSD,ORY,ORY,0,1200,0,0,0,21,51,Airbus
BGPABFNE,ORY,ST,ORY,ORY,0,1200,0,0,0,20,56,Airbus
ADJPQMJU,ORY,ST,ORY,ORY,0,1200,0,0,0,20,47,Airbus
IYHNOVJC,ORY,ST,ORY,ORY,0,1200,0,0,0,20,57,Airbus
IHLGIULU,ORY,ST,ORY,ORY,0,1200,0,0,0,22,43,Airbus
EUGAZEFV,ETZ,CP,ETZ,ETZ,0,1200,0,0,0,21,53,Airbus
ENFYIMBB,ETZ,FO,ETZ,ETZ,0,1200,0,0,0,27,49,Airbus
HXQNIAOX,ETZ,CSD,ETZ,ETZ,0,1200,0,0,0,27,48,Airbus
UCRSCSED,ETZ,CSD,ETZ,ETZ,0,1200,0,0,0,28,46,Airbus
MDXCMXZQ,ETZ,ST,ETZ,ETZ,0,1200,0,0,0,21,59,Airbus
PNGVTAXB,ETZ,ST,ETZ,ETZ,0,1200,0,0,0,27,52,Airbus
SQJUFHYW,ETZ,ST,ETZ,ETZ,0,1200,0,0,0,20,59,Airbus
DCIAUUEM,ETZ,ST,ETZ,ETZ,0,1200,0,0,0,24,49,Airbus
KQZCHBWD,ORY,CP,ORY,ORY,0,1200,0,0,0,26,51,Airbus
WFIDGIHZ,ORY,FO,ORY,ORY,0,1200,0,0,0,24,41,Airbus
TKRSXBBA,ORY,CSD,ORY,ORY,0,1200,0,0,0,26,45,Airbus
EFNWCFNA,ORY,CSD,ORY,ORY,0,1200,0,0,0,20,43,Airbus
XTNGYPZH,ORY,ST,ORY,ORY,0,1200,0,0,0,24,58,Airbus
GBEJLSZP,ORY,ST,ORY,ORY,0,1200,0,0,0,23,43,Airbus
QGRUEDUB,ORY,ST,ORY,ORY,0,1200,0,0,0,27,51,Airbus
XABXTKBM,ORY,ST,ORY,ORY,0,1200,0,0,0,22,42,Airbus
QOMLXSUN,SXB,CP,SXB,SXB,0,1200,0,0,0,21,44,Airbus
UAFWIVRN,SXB,FO,SXB,SXB,0,1200,0,0,0,24,54,Airbus
GQFDUIKX,SXB,CSD,SXB,SXB,0,1200,0,0,0,26,54,Airbus
IGPZTVZI,SXB,CSD,SXB,SXB,0,1200,0,0,0,26,55,Airbus
IPSBFATC,SXB,ST,SXB,SXB,0,1200,0,0,0,22,55,Airbus
NHCLZMTI,SXB,ST,SXB,SXB,0,1200,0,0,0,28,40,Airbus
WUPSXWCE,SXB,ST,SXB,SXB,0,1200,0,0,0,23,40,Airbus
LZFKOAJN,SXB,ST,SXB,SXB,0,1200,0,0,0,27,40,Airbus
IFJZBEDX,RNS,CP,RNS,RNS,0,1200,0,0,0,25,43,BAE
VYZQCLTE,RNS,FO,RNS,RNS,0,1200,0,0,0,28,56,BAE
BGVRCDYT,RNS,CSD,RNS,RNS,0,1200,0,0,0,24,54,BAE
NXIIQRZF,RNS,ST,RNS,RNS,0,1200,0,0,0,25,50,BAE
KJWEQAOT,RNS,ST,RNS,RNS,0,1200,0,0,0,28,49,BAE
FXGDYCTN,NTE,CP,NTE,NTE,0,1200,0,0,0,26,47,Airbus
ZWEMGXXH,NTE,FO,NTE,NTE,0,1200,0,0,0,27,44,Airbus
VXBHZETX,NTE,CSD,NTE,NTE,0,1200,0,0,0,26,51,Airbus
YSQZVFPR,NTE,CSD,NTE,NTE,0,1200,0,0,0,21,40,Airbus
BWAXXRHX,NTE,ST,NTE,NTE,0,1200,0,0,0,25,48,Airbus
RQUXIMRR,NTE,ST,NTE,NTE,0,1200,0,0,0,29,58,Airbus
UWAYKMTJ,NTE,ST,NTE,NTE,0,1200,0,0,0,29,42,Airbus
LLXIXAIT,NTE,ST,NTE,NTE,0,1200,0,0,0,20,54,Airbus
WZOSIYNL,ORY,CP,ORY,ORY,0,1200,0,0,0,20,40,Airbus
VMNXCDZU,ORY,FO,ORY,ORY,0,1200,0,0,0,24,57,Airbus
VFKSIQAQ,ORY,CSD,ORY,ORY,0,1200,0,0,0,28,46,Airbus
OCRSMTIK,ORY,CSD,ORY,ORY,0,1200,0,0,0,21,58,Airbus
SYVKMLMC,ORY,ST,ORY,ORY,0,1200,0,0,0,28,51,Airbus
HEUYGZAD,ORY,ST,ORY,ORY,0,1200,0,0,0,21,58,Airbus
EZUBLHPM,ORY,ST,ORY,ORY,0,1200,0,0,0,29,44,Airbus
NZOSQINW,ORY,ST,ORY,ORY,0,1200,0,0,0,21,58,Airbus
GAMKURAM,ORY,CP,ORY,ORY,0,1200,0,0,0,24,43,Airbus
ZRKRUKPT,ORY,FO,ORY,ORY,0,1200,0,0,0,23,41,Airbus
LQBTCFFR,ORY,CSD,ORY,ORY,0,1200,0,0,0,22,59,Airbus
AOVQDDYZ,ORY,CSD,ORY,ORY,0,1200,0,0,0,25,47,Airbus
IYFEFHHO,ORY,ST,ORY,ORY,0,1200,0,0,0,23,47,Airbus
TYOIAPMJ,ORY,ST,ORY,ORY,0,1200,0,0,0,29,43,Airbus
RICCFLZC,ORY,ST,ORY,ORY,0,1200,0,0,0,29,40,Airbus
MPGFRRWP,ORY,ST,ORY,ORY,0,1200,0,0,0,26,54,Airbus
GQIUFMYA,BOD,CP,BOD,BOD,0,1200,0,0,0,20,49,Airbus
BXYJVRDM,BOD,FO,BOD,BOD,0,1200,0,0,0,23,55,Airbus
GQOTFWHA,BOD,CSD,BOD,BOD,0,1200,0,0,0,25,42,Airbus
WJIWRBSP,BOD,CSD,BOD,BOD,0,1200,0,0,0,25,52,Airbus
FWPBJTBD,BOD,ST,BOD,BOD,0,1200,0,0,0,24,55,Airbus
EJAGHUZW,BOD,ST,BOD,BOD,0,1200,0,0,0,23,55,Airbus
GFVYCGDE,BOD,ST,BOD,BOD,0,1200,0,0,0,25,40,Airbus
GXXMDMSC,BOD,ST,BOD,BOD,0,1200,0,0,0,25,51,Airbus
FXBJTBET,NTE,CP,NTE,NTE,0,1200,0,0,0,24,56,Fokker
WWOBMSBV,NTE,FO,NTE,NTE,0,1200,0,0,0,27,58,Fokker
UJAUNMGM,NTE,CS,NTE,NTE,0,1200,0,0,0,21,58,Fokker
PNMSEWUD,NTE,ST,NTE,NTE,0,1200,0,0,0,24,42,Fokker
KZBVJBJQ,NTE,ST,NTE,NTE,0,1200,0,0,0,22,50,Fokker
RBRYVSTB,NTE,ST,NTE,NTE,0,1200,0,0,0,20,40,Fokker
TOLAJJFV,MRS,CP,MRS,MRS,0,1200,0,0,0,21,43,Airbus
BVHYWDBF,MRS,FO,MRS,MRS,0,1200,0,0,0,22,59,Airbus
SMXEWHGF,MRS,CSD,MRS,MRS,0,1200,0,0,0,24,54,Airbus
IFWROGRI,MRS,CSD,MRS,MRS,0,1200,0,0,0,25,58,Airbus
EXXWBUUU,MRS,ST,MRS,MRS,0,1200,0,0,0,29,54,Airbus
PLKXNNXD,MRS,ST,MRS,MRS,0,1200,0,0,0,23,45,Airbus
HHUBXPJX,MRS,ST,MRS,MRS,0,1200,0,0,0,25,46,Airbus
EJDYQNXR,MRS,ST,MRS,MRS,0,1200,0,0,0,25,40,Airbus
BHUWYLCF,FSC,CP,FSC,FSC,0,1200,0,0,0,25,58,CRJ
NYPEWCFD,FSC,FO,FSC,FSC,0,1200,0,0,0,28,46,CRJ
APTMNGMH,FSC,CS,FSC,FSC,0,1200,0,0,0,23,51,CRJ
PNRLAVKS,FSC,ST,FSC,FSC,0,1200,0,0,0,25,59,CRJ
SRFGVMPX,FSC,ST,FSC,FSC,0,1200,0,0,0,22,51,CRJ
YQWPXKMQ,ORY,CP,ORY,ORY,0,1200,0,0,0,21,56,Fokker
VYDURDJV,ORY,FO,ORY,ORY,0,1200,0,0,0,20,45,Fokker
LPUPVHPY,ORY,CS,ORY,ORY,0,1200,0,0,0,23,52,Fokker
JECGXQBE,ORY,ST,ORY,ORY,0,1200,0,0,0,26,42,Fokker
RXQZTKRG,ORY,ST,ORY,ORY,0,1200,0,0,0,23,57,Fokker
TGQTBMXS,ORY,ST,ORY,ORY,0,1200,0,0,0,28,56,Fokker
SLZDJUDG,ORY,CP,ORY,ORY,0,1200,0,0,0,25,55,Airbus
MJAXVAJF,ORY,FO,ORY,ORY,0,1200,0,0,0,27,50,Airbus
DZXZJJID,ORY,CSD,ORY,ORY,0,1200,0,0,0,21,45,Airbus
FRDQZWZD,ORY,CSD,ORY,ORY,0,1200,0,0,0,21,58,Airbus
QFPHWSMF,ORY,ST,ORY,ORY,0,1200,0,0,0,24,45,Airbus
LFGVITCL,ORY,ST,ORY,ORY,0,1200,0,0,0,29,53,Airbus
QNSEDVBB,ORY,ST,ORY,ORY,0,1200,0,0,0,26,54,Airbus
ZHWRFCGP,ORY,ST,ORY,ORY,0,1200,0,0,0,27,46,Airbus
TVLHMMIK,BOD,CP,BOD,BOD,0,1200,0,0,0,29,59,Airbus
DNCWNDFI,BOD,FO,BOD,BOD,0,1200,0,0,0,24,52,Airbus
LUQWQXHX,BOD,CSD,BOD,BOD,0,1200,0,0,0,26,59,Airbus
NTDJDCDR,BOD,CSD,BOD,BOD,0,1200,0,0,0,25,43,Airbus
GYHTESXX,BOD,ST,BOD,BOD,0,1200,0,0,0,25,53,Airbus
MZOUEBRO,BOD,ST,BOD,BOD,0,1200,0,0,0,25,53,Airbus
EBRFUQNG,BOD,ST,BOD,BOD,0,1200,0,0,0,20,55,Airbus
TXCNHCIL,BOD,ST,BOD,BOD,0,1200,0,0,0,20,45,Airbus
UINYYXCI,MPL,CP,MPL,MPL,0,1200,0,0,0,25,59,Airbus
MXZIELNT,MPL,FO,MPL,MPL,0,1200,0,0,0,26,52,Airbus
VGVEETFD,MPL,CSD,MPL,MPL,0,1200,0,0,0,24,46,Airbus
FDDFOFWO,MPL,CSD,MPL,MPL,0,1200,0,0,0,20,41,Airbus
GEESVLOD,MPL,ST,MPL,MPL,0,1200,0,0,0,24,50,Airbus
AODKDKKN,MPL,ST,MPL,MPL,0,1200,0,0,0,29,51,Airbus
YSNNRYSV,MPL,ST,MPL,MPL,0,1200,0,0,0,22,57,Airbus
LESXHPAY,MPL,ST,MPL,MPL,0,1200,0,0,0,25,49,Airbus
NTACDCSW,TLS,CP,TLS,TLS,0,1200,0,0,0,25,52,Airbus
CUUOZIXD,TLS,FO,TLS,TLS,0,1200,0,0,0,23,47,Airbus
POTLEYPZ,TLS,CSD,TLS,TLS,0,1200,0,0,0,28,54,Airbus
MDMCJFLQ,TLS,CSD,TLS,TLS,0,1200,0,0,0,27,44,Airbus
QDUQDBCI,TLS,ST,TLS,TLS,0,1200,0,0,0,23,49,Airbus
EHWUMCQN,TLS,ST,TLS,TLS,0,1200,0,0,0,29,46,Airbus
IRLTAOHJ,TLS,ST,TLS,TLS,0,1200,0,0,0,24,42,Airbus
LYWGYILF,TLS,ST,TLS,TLS,0,1200,0,0,0,22,58,Airbus
UQZAXBAU,SXB,CP,SXB,SXB,0,1200,0,0,0,26,41,Airbus
BYVZAYFW,SXB,FO,SXB,SXB,0,1200,0,0,0,20,52,Airbus
ADNAILVD,SXB,CSD,SXB,SXB,0,1200,0,0,0,20,52,Airbus
CQZBFABF,SXB,CSD,SXB,SXB,0,1200,0,0,0,22,45,Airbus
BCGZECVB,SXB,ST,SXB,SXB,0,1200,0,0,0,24,59,Airbus
LJBAAWDG,SXB,ST,SXB,SXB,0,1200,0,0,0,28,45,Airbus
VTVMLMZP,SXB,ST,SXB,SXB,0,1200,0,0,0,22,50,Airbus
FJSSBHTI,SXB,ST,SXB,SXB,0,1200,0,0,0,21,44,Airbus
RRXLCECO,ORY,CP,ORY,ORY,0,1200,0,0,0,27,41,Airbus
AUWDPPSL,ORY,FO,ORY,ORY,0,1200,0,0,0,28,51,Airbus
EOVJEXWE,ORY,CSD,ORY,ORY,0,1200,0,0,0,25,44,Airbus
JIJJOTRW,ORY,CSD,ORY,ORY,0,1200,0,0,0,26,45,Airbus
SHPKKTQY,ORY,ST,ORY,ORY,0,1200,0,0,0,29,56,Airbus
QZBJGFTQ,ORY,ST,ORY,ORY,0,1200,0,0,0,27,54,Airbus
XZSQDIIL,ORY,ST,ORY,ORY,0,1200,0,0,0,20,43,Airbus
QFWUNGXD,ORY,ST,ORY,ORY,0,1200,0,0,0,24,58,Airbus
ZCBXUFNJ,CFE,CP,CFE,CFE,0,1200,0,0,0,21,41,ERJ
XOAGEJQZ,CFE,FO,CFE,CFE,0,1200,0,0,0,27,49,ERJ
KHIJTCDZ,CFE,CS,CFE,CFE,0,1200,0,0,0,29,50,ERJ
QJBSWQCZ,CFE,ST,CFE,CFE,0,1200,0,0,0,25,58,ERJ
XWVBGLYH,CFE,ST,CFE,CFE,0,1200,0,0,0,29,51,ERJ
BQUSJMFV,SXB,CP,SXB,SXB,0,1200,0,0,0,29,43,Fokker
AVQVMSJM,SXB,FO,SXB,SXB,0,1200,0,0,0,22,48,Fokker
JJIBATRO,SXB,CS,SXB,SXB,0,1200,0,0,0,27,42,Fokker
WEWCEGLU,SXB,ST,SXB,SXB,0,1200,0,0,0,29,59,Fokker
XGUZUVUN,SXB,ST,SXB,SXB,0,1200,0,0,0,28,47,Fokker
XNWITEVR,SXB,ST,SXB,SXB,0,1200,0,0,0,28,40,Fokker
WMJXBEGD,LYS,CP,LYS,LYS,0,1200,0,0,0,23,48,Airbus
FXGVBCJY,LYS,FO,LYS,LYS,0,1200,0,0,0,23,40,Airbus
CJSBSSYL,LYS,CSD,LYS,LYS,0,1200,0,0,0,20,45,Airbus
ZYZAKQPQ,LYS,CSD,LYS,LYS,0,1200,0,0,0,24,42,Airbus
QNANWFFT,LYS,ST,LYS,LYS,0,1200,0,0,0,21,56,Airbus
IBQFJXXX,LYS,ST,LYS,LYS,0,1200,0,0,0,29,56,Airbus
AMWNGTNY,LYS,ST,LYS,LYS,0,1200,0,0,0,21,46,Airbus
GQNZANPD,LYS,ST,LYS,LYS,0,1200,0,0,0,28,48,Airbus
AUULCRZF,TLS,CP,TLS,TLS,0,1200,0,0,0,25,45,Airbus
YAZCVFHA,TLS,FO,TLS,TLS,0,1200,0,0,0,20,56,Airbus
JXAHJCAU,TLS,CSD,TLS,TLS,0,1200,0,0,0,25,51,Airbus
OFBJDNPP,TLS,CSD,TLS,TLS,0,1200,0,0,0,29,42,Airbus
PGZNBJJR,TLS,ST,TLS,TLS,0,1200,0,0,0,20,54,Airbus
YETVEFEI,TLS,ST,TLS,TLS,0,1200,0,0,0,23,53,Airbus
DGDFRLFR,TLS,ST,TLS,TLS,0,1200,0,0,0,27,57,Airbus
ACUXNILR,TLS,ST,TLS,TLS,0,1200,0,0,0,27,55,Airbus
EXSAJVOX,TLS,CP,TLS,TLS,0,1200,0,0,0,20,48,Airbus
JYZDPNXL,TLS,FO,TLS,TLS,0,1200,0,0,0,20,53,Airbus
BYMVPWOT,TLS,CSD,TLS,TLS,0,1200,0,0,0,24,45,Airbus
QMKTLTBB,TLS,CSD,TLS,TLS,0,1200,0,0,0,29,42,Airbus
QKCSISUS,TLS,ST,TLS,TLS,0,1200,0,0,0,24,56,Airbus
HVKWAFPU,TLS,ST,TLS,TLS,0,1200,0,0,0,26,57,Airbus
PVRMQKDG,TLS,ST,TLS,TLS,0,1200,0,0,0,22,50,Airbus
RIBHACOC,TLS,ST,TLS,TLS,0,1200,0,0,0,23,49,Airbus
KMRYBIZV,LRT,CP,LRT,LRT,0,1200,0,0,0,29,50,BAE
HVDLBGLD,LRT,FO,LRT,LRT,0,1200,0,0,0,28,45,BAE
XTUVNTOM,LRT,CSD,LRT,LRT,0,1200,0,0,0,23,44,BAE
RWFJIRYD,LRT,ST,LRT,LRT,0,1200,0,0,0,23,44,BAE
BVXDGTIT,LRT,ST,LRT,LRT,0,1200,0,0,0,20,57,BAE
BNKFHWHV,PUF,CP,PUF,PUF,0,1200,0,0,0,26,42,Fokker
EYAANKTO,PUF,FO,PUF,PUF,0,1200,0,0,0,20,49,Fokker
IZZRYYSZ,PUF,CS,PUF,PUF,0,1200,0,0,0,23,45,Fokker
GRCHOXHM,PUF,ST,PUF,PUF,0,1200,0,0,0,21,41,Fokker
LZZKWIBM,PUF,ST,PUF,PUF,0,1200,0,0,0,27,58,Fokker
XLMQRDIN,PUF,ST,PUF,PUF,0,1200,0,0,0,23,42,Fokker
XERIOKSL,CFE,CP,CFE,CFE,0,1200,0,0,0,28,50,Airbus
JIWROIVK,CFE,FO,CFE,CFE,0,1200,0,0,0,21,48,Airbus
BOZRESLY,CFE,CSD,CFE,CFE,0,1200,0,0,0,26,54,Airbus
AUMMWGLD,CFE,CSD,CFE,CFE,0,1200,0,0,0,29,44,Airbus
CHXZDRVQ,CFE,ST,CFE,CFE,0,1200,0,0,0,25,41,Airbus
NQHKRDQZ,CFE,ST,CFE,CFE,0,1200,0,0,0,22,48,Airbus
NUXSRVOV,CFE,ST,CFE,CFE,0,1200,0,0,0,28,51,Airbus
ZGXLICBV,CFE,ST,CFE,CFE,0,1200,0,0,0,25,56,Airbus
TOJNBFQB,MPL,CP,MPL,MPL,0,1200,0,0,0,21,52,Airbus
PXWDXBJZ,MPL,FO,MPL,MPL,0,1200,0,0,0,28,46,Airbus
CGWFITQI,MPL,CSD,MPL,MPL,0,1200,0,0,0,26,56,Airbus
MALPMHDD,MPL,CSD,MPL,MPL,0,1200,0,0,0,25,59,Airbus
YMXBNRNC,MPL,ST,MPL,MPL,0,1200,0,0,0,22,46,Airbus
LRFKYLMH,MPL,ST,MPL,MPL,0,1200,0,0,0,20,48,Airbus
JOGDOAOD,MPL,ST,MPL,MPL,0,1200,0,0,0,22,44,Airbus
EQYMVMTP,MPL,ST,MPL,MPL,0,1200,0,0,0,26,50,Airbus
DDPNMJCY,LIL,CP,LIL,LIL,0,1200,0,0,0,28,42,Airbus
UCBNKJRT,LIL,FO,LIL,LIL,0,1200,0,0,0,21,50,Airbus
SYCHRULY,LIL,CSD,LIL,LIL,0,1200,0,0,0,23,52,Airbus
RZXOALRD,LIL,CSD,LIL,LIL,0,1200,0,0,0,27,52,Airbus
BLTNQVKI,LIL,ST,LIL,LIL,0,1200,0,0,0,27,51,Airbus
JLBUQGOH,LIL,ST,LIL,LIL,0,1200,0,0,0,20,52,Airbus
JFDRWDMW,LIL,ST,LIL,LIL,0,1200,0,0,0,23,54,Airbus
UZTBACCO,LIL,ST,LIL,LIL,0,1200,0,0,0,27,55,Airbus
YQWIRAWW,MRS,CP,MRS,MRS,0,1200,0,0,0,27,55,Airbus
YTLKURRJ,MRS,FO,MRS,MRS,0,1200,0,0,0,23,59,Airbus
ODHUYJLB,MRS,CSD,MRS,MRS,0,1200,0,0,0,25,41,Airbus
EYDPSMGS,MRS,CSD,MRS,MRS,0,1200,0,0,0,21,42,Airbus
ZBAWLBKV,MRS,ST,MRS,MRS,0,1200,0,0,0,26,51,Airbus
RLHLAZRS,MRS,ST,MRS,MRS,0,1200,0,0,0,28,56,Airbus
YQLIZKFD,MRS,ST,MRS,MRS,0,1200,0,0,0,20,48,Airbus
HZBOHVZU,MRS,ST,MRS,MRS,0,1200,0,0,0,29,41,Airbus
OYGXPYIS,ORY,CP,ORY,ORY,0,1200,0,0,0,27,56,Airbus
CVTSCLUS,ORY,FO,ORY,ORY,0,1200,0,0,0,22,45,Airbus
LLKCCGYW,ORY,CSD,ORY,ORY,0,1200,0,0,0,28,50,Airbus
TAEURXYB,ORY,CSD,ORY,ORY,0,1200,0,0,0,21,57,Airbus
VKUSTZMV,ORY,ST,ORY,ORY,0,1200,0,0,0,23,51,Airbus
FPXOBVVA,ORY,ST,ORY,ORY,0,1200,0,0,0,28,43,Airbus
CMCXEXGY,ORY,ST,ORY,ORY,0,1200,0,0,0,28,52,Airbus
PIECPCRA,ORY,ST,ORY,ORY,0,1200,0,0,0,29,48,Airbus
HPNAWMJT,BIQ,CP,BIQ,BIQ,0,1200,0,0,0,29,58,CRJ
IMXENKCS,BIQ,FO,BIQ,BIQ,0,1200,0,0,0,20,57,CRJ
BPOXVRAS,BIQ,CS,BIQ,BIQ,0,1200,0,0,0,23,45,CRJ
ZORFMAVA,BIQ,ST,BIQ,BIQ,0,1200,0,0,0,27,42,CRJ
CFKRZKQZ,BIQ,ST,BIQ,BIQ,0,1200,0,0,0,21,40,CRJ
HYXGNJRY,RNS,CP,RNS,RNS,0,1200,0,0,0,26,50,CRJ
QCVJAPXJ,RNS,FO,RNS,RNS,0,1200,0,0,0,27,43,CRJ
XAVACHVU,RNS,CS,RNS,RNS,0,1200,0,0,0,22,59,CRJ
GDJCGQEU,RNS,ST,RNS,RNS,0,1200,0,0,0,21,40,CRJ
BYNJOFKQ,RNS,ST,RNS,RNS,0,1200,0,0,0,29,52,CRJ
XLIRGBNL,NCE,CP,NCE,NCE,0,1200,0,0,0,25,59,ERJ
BPMETLJM,NCE,FO,NCE,NCE,0,1200,0,0,0,29,55,ERJ
POJEAARI,NCE,CS,NCE,NCE,0,1200,0,0,0,29,41,ERJ
SMRLSJOD,NCE,ST,NCE,NCE,0,1200,0,0,0,26,42,ERJ
OLAAHHDM,NCE,ST,NCE,NCE,0,1200,0,0,0,25,50,ERJ
YHGEHYLW,MLH,CP,MLH,MLH,0,1200,0,0,0,25,56,Airbus
VWRMHYGZ,MLH,FO,MLH,MLH,0,1200,0,0,0,21,52,Airbus
CGQDLATW,MLH,CSD,MLH,MLH,0,1200,0,0,0,24,52,Airbus
XEELPLMM,MLH,CSD,MLH,MLH,0,1200,0,0,0,26,40,Airbus
ZPMWFCIT,MLH,ST,MLH,MLH,0,1200,0,0,0,28,54,Airbus
BAMNCHZI,MLH,ST,MLH,MLH,0,1200,0,0,0,27,53,Airbus
YQSCGKHT,MLH,ST,MLH,MLH,0,1200,0,0,0,24,56,Airbus
MJREFUDP,MLH,ST,MLH,MLH,0,1200,0,0,0,24,50,Airbus
XZOFEGKJ,ORY,CP,ORY,ORY,0,1200,0,0,0,25,51,Airbus
MTKHVWAW,ORY,FO,ORY,ORY,0,1200,0,0,0,24,45,Airbus
GXFSMUDH,ORY,CSD,ORY,ORY,0,1200,0,0,0,27,52,Airbus
EQFDLKOO,ORY,CSD,ORY,ORY,0,1200,0,0,0,22,59,Airbus
JIDGAAPJ,ORY,ST,ORY,ORY,0,1200,0,0,0,22,56,Airbus
AHPUCBFO,ORY,ST,ORY,ORY,0,1200,0,0,0,21,41,Airbus
UUAEXAYY,ORY,ST,ORY,ORY,0,1200,0,0,0,21,57,Airbus
GIQFSJVU,ORY,ST,ORY,ORY,0,1200,0,0,0,22,59,Airbus
QTJBTJKF,NTE,CP,NTE,NTE,0,1200,0,0,0,20,45,Airbus
XQOXURER,NTE,FO,NTE,NTE,0,1200,0,0,0,27,40,Airbus
EYRHIZGM,NTE,CSD,NTE,NTE,0,1200,0,0,0,25,58,Airbus
SRQBUADM,NTE,CSD,NTE,NTE,0,1200,0,0,0,26,54,Airbus
IYKYTDRD,NTE,ST,NTE,NTE,0,1200,0,0,0,27,49,Airbus
RKCYRPKG,NTE,ST,NTE,NTE,0,1200,0,0,0,26,42,Airbus
UWILHRKV,NTE,ST,NTE,NTE,0,1200,0,0,0,20,48,Airbus
LMVDECGV,NTE,ST,NTE,NTE,0,1200,0,0,0,22,52,Airbus
SZLBDQSL,NCE,CP,NCE,NCE,0,1200,0,0,0,25,42,Airbus
PYXHRGBY,NCE,FO,NCE,NCE,0,1200,0,0,0,25,59,Airbus
WCJLBFIV,NCE,CSD,NCE,NCE,0,1200,0,0,0,23,43,Airbus
OELYLGRJ,NCE,CSD,NCE,NCE,0,1200,0,0,0,26,51,Airbus
XAEERPTT,NCE,ST,NCE,NCE,0,1200,0,0,0,24,40,Airbus
GEAZSKFP,NCE,ST,NCE,NCE,0,1200,0,0,0,24,55,Airbus
NNXDHHKV,NCE,ST,NCE,NCE,0,1200,0,0,0,27,53,Airbus
ADJEJNAY,NCE,ST,NCE,NCE,0,1200,0,0,0,22,40,Airbus
QTYIUTMR,TLN,CP,TLN,TLN,0,1200,0,0,0,27,53,Airbus
KEAAJXTP,TLN,FO,TLN,TLN,0,1200,0,0,0,20,45,Airbus
SBVWARTD,TLN,CSD,TLN,TLN,0,1200,0,0,0,24,54,Airbus
VAFHOOKS,TLN,CSD,TLN,TLN,0,1200,0,0,0,22,50,Airbus
PRXMEZQP,TLN,ST,TLN,TLN,0,1200,0,0,0,21,43,Airbus
HDNFRDJB,TLN,ST,TLN,TLN,0,1200,0,0,0,21,53,Airbus
QBIIMPNB,TLN,ST,TLN,TLN,0,1200,0,0,0,24,49,Airbus
KXJJOBFJ,TLN,ST,TLN,TLN,0,1200,0,0,0,26,50,Airbus
RRFTCVAH,BES,CP,BES,BES,0,1200,0,0,0,29,41,Airbus
UUOIDSZN,BES,FO,BES,BES,0,1200,0,0,0,23,57,Airbus
VOJJPGQB,BES,CSD,BES,BES,0,1200,0,0,0,20,51,Airbus
VLIRDPWJ,BES,CSD,BES,BES,0,1200,0,0,0,29,40,Airbus
IXLDLZTN,BES,ST,BES,BES,0,1200,0,0,0,23,52,Airbus
FZVHBCST,BES,ST,BES,BES,0,1200,0,0,0,26,47,Airbus
YFNQNIXE,BES,ST,BES,BES,0,1200,0,0,0,28,49,Airbus
STUMEVQN,BES,ST,BES,BES,0,1200,0,0,0,24,49,Airbus
VIJWOWCQ,MLH,CP,MLH,MLH,0,1200,0,0,0,29,41,Airbus
EGZUUMPY,MLH,FO,MLH,MLH,0,1200,0,0,0,27,59,Airbus
ORLQCTQS,MLH,CSD,MLH,MLH,0,1200,0,0,0,26,43,Airbus
LLMGPWAU,MLH,CSD,MLH,MLH,0,1200,0,0,0,22,47,Airbus
AYLSHXXK,MLH,ST,MLH,MLH,0,1200,0,0,0,27,57,Airbus
VSPKZMWL,MLH,ST,MLH,MLH,0,1200,0,0,0,24,42,Airbus
OATCKEKH,MLH,ST,MLH,MLH,0,1200,0,0,0,20,41,Airbus
MMFKLZIF,MLH,ST,MLH,MLH,0,1200,0,0,0,25,41,Airbus
QIYGKJLE,BOD,CP,BOD,BOD,0,1200,0,0,0,25,41,Airbus
LVGLHYIF,BOD,FO,BOD,BOD,0,1200,0,0,0,21,59,Airbus
IMRKSLFT,BOD,CSD,BOD,BOD,0,1200,0,0,0,27,44,Airbus
YMEAUONG,BOD,CSD,BOD,BOD,0,1200,0,0,0,24,48,Airbus
CBGAGLOO,BOD,ST,BOD,BOD,0,1200,0,0,0,29,49,Airbus
SZVFZTDX,BOD,ST,BOD,BOD,0,1200,0,0,0,25,50,Airbus
KLHIBLLL,BOD,ST,BOD,BOD,0,1200,0,0,0,24,59,Airbus
JUYYSYGB,BOD,ST,BOD,BOD,0,1200,0,0,0,22,41,Airbus
QVKPHGWC,PUF,CP,PUF,PUF,0,1200,0,0,0,29,50,Airbus
PFHMRTJT,PUF,FO,PUF,PUF,0,1200,0,0,0,21,59,Airbus
WGOZAIUT,PUF,CSD,PUF,PUF,0,1200,0,0,0,25,53,Airbus
GECMZKKU,PUF,CSD,PUF,PUF,0,1200,0,0,0,21,48,Airbus
RGVVKGDW,PUF,ST,PUF,PUF,0,1200,0,0,0,20,57,Airbus
UBQCFDEH,PUF,ST,PUF,PUF,0,1200,0,0,0,22,55,Airbus
NUBEEDNG,PUF,ST,PUF,PUF,0,1200,0,0,0,24,48,Airbus
YNPAQHBO,PUF,ST,PUF,PUF,0,1200,0,0,0,22,43,Airbus
LZEAQINH,NTE,CP,NTE,NTE,0,1200,0,0,0,25,41,Airbus
SVZQYFMF,NTE,FO,NTE,NTE,0,1200,0,0,0,22,45,Airbus
EXTPITLA,NTE,CSD,NTE,NTE,0,1200,0,0,0,20,59,Airbus
STYWUIMR,NTE,CSD,NTE,NTE,0,1200,0,0,0,20,50,Airbus
WEFAKBAY,NTE,ST,NTE,NTE,0,1200,0,0,0,28,48,Airbus
XLUKGXOT,NTE,ST,NTE,NTE,0,1200,0,0,0,26,43,Airbus
AGNSXZAH,NTE,ST,NTE,NTE,0,1200,0,0,0,27,41,Airbus
YWJNLDFC,NTE,ST,NTE,NTE,0,1200,0,0,0,20,56,Airbus
DVYSCKCK,MRS,CP,MRS,MRS,0,1200,0,0,0,29,55,Airbus
DKBIGGAA,MRS,FO,MRS,MRS,0,1200,0,0,0,20,58,Airbus
HNNRSNVS,MRS,CSD,MRS,MRS,0,1200,0,0,0,20,59,Airbus
UTLMYEFB,MRS,CSD,MRS,MRS,0,1200,0,0,0,24,55,Airbus
NCJVJOIL,MRS,ST,MRS,MRS,0,1200,0,0,0,22,49,Airbus
NEAQHSPH,MRS,ST,MRS,MRS,0,1200,0,0,0,29,43,Airbus
JZUYMVJA,MRS,ST,MRS,MRS,0,1200,0,0,0,28,54,Airbus
FSFYCMRU,MRS,ST,MRS,MRS,0,1200,0,0,0,26,46,Airbus
RPAFRRKY,SXB,CP,SXB,SXB,0,1200,0,0,0,21,40,BAE
YVAYESUE,SXB,FO,SXB,SXB,0,1200,0,0,0,24,53,BAE
ANMLCMXA,SXB,CSD,SXB,SXB,0,1200,0,0,0,23,41,BAE
LNSCNFJU,SXB,ST,SXB,SXB,0,1200,0,0,0,24,41,BAE
VMDONOHC,SXB,ST,SXB,SXB,0,1200,0,0,0,28,46,BAE
PLHAJJVU,ORY,CP,ORY,ORY,0,1200,0,0,0,28,53,Airbus
CZBFVUZL,ORY,FO,ORY,ORY,0,1200,0,0,0,29,59,Airbus
SNKFSMBO,ORY,CSD,ORY,ORY,0,1200,0,0,0,23,42,Airbus
ZSNMDIHG,ORY,CSD,ORY,ORY,0,1200,0,0,0,25,49,Airbus
QHYEHMGZ,ORY,ST,ORY,ORY,0,1200,0,0,0,21,42,Airbus
KORBJEFD,ORY,ST,ORY,ORY,0,1200,0,0,0,25,51,Airbus
HEWRLDXY,ORY,ST,ORY,ORY,0,1200,0,0,0,28,59,Airbus
OSUMSBRX,ORY,ST,ORY,ORY,0,1200,0,0,0,24,45,Airbus
ZNBWNWOW,TLS,CP,TLS,TLS,0,1200,0,0,0,24,45,Airbus
FSAVFJVL,TLS,FO,TLS,TLS,0,1200,0,0,0,24,49,Airbus
OUJYTGVG,TLS,CSD,TLS,TLS,0,1200,0,0,0,26,50,Airbus
UHOEHVZS,TLS,CSD,TLS,TLS,0,1200,0,0,0,21,51,Airbus
DVERZMAC,TLS,ST,TLS,TLS,0,1200,0,0,0,23,55,Airbus
EBEVBFUH,TLS,ST,TLS,TLS,0,1200,0,0,0,23,54,Airbus
RCAZNEQG,TLS,ST,TLS,TLS,0,1200,0,0,0,22,43,Airbus
VXXTVRJU,TLS,ST,TLS,TLS,0,1200,0,0,0,24,57,Airbus
RYOBIFEE,ORY,CP,ORY,ORY,0,1200,0,0,0,27,59,Airbus
FHAUWVWE,ORY,FO,ORY,ORY,0,1200,0,0,0,21,45,Airbus
AGWNUTYV,ORY,CSD,ORY,ORY,0,1200,0,0,0,24,42,Airbus
BAOSCKVL,ORY,CSD,ORY,ORY,0,1200,0,0,0,28,57,Airbus
WHDLKSHC,ORY,ST,ORY,ORY,0,1200,0,0,0,27,50,Airbus
IJRDMINL,ORY,ST,ORY,ORY,0,1200,0,0,0,24,47,Airbus
ELXMAJHD,ORY,ST,ORY,ORY,0,1200,0,0,0,27,57,Airbus
DNSYZLVL,ORY,ST,ORY,ORY,0,1200,0,0,0,25,46,Airbus
YYKGRVIK,LYS,CP,LYS,LYS,0,1200,0,0,0,26,43,Airbus
MAHOXHNU,LYS,FO,LYS,LYS,0,1200,0,0,0,28,46,Airbus
AGUNXLRB,LYS,CSD,LYS,LYS,0,1200,0,0,0,20,45,Airbus
CFWTRNXD,LYS,CSD,LYS,LYS,0,1200,0,0,0,21,54,Airbus
CDQWUXEH,LYS,ST,LYS,LYS,0,1200,0,0,0,22,56,Airbus
CINZZDMZ,LYS,ST,LYS,LYS,0,1200,0,0,0,27,41,Airbus
ZOJUJMVP,LYS,ST,LYS,LYS,0,1200,0,0,0,20,55,Airbus
IDCFJJES,LYS,ST,LYS,LYS,0,1200,0,0,0,21,52,Airbus
PDBRSDUE,ORY,CP,ORY,ORY,0,1200,0,0,0,28,47,Airbus
YGGWXGHF,ORY,FO,ORY,ORY,0,1200,0,0,0,26,46,Airbus
MRHDBRQC,ORY,CSD,ORY,ORY,0,1200,0,0,0,28,41,Airbus
TRQQMTJA,ORY,CSD,ORY,ORY,0,1200,0,0,0,22,46,Airbus
FBQYGESS,ORY,ST,ORY,ORY,0,1200,0,0,0,26,55,Airbus
JXXEEEFW,ORY,ST,ORY,ORY,0,1200,0,0,0,24,44,Airbus
VNVFBLAG,ORY,ST,ORY,ORY,0,1200,0,0,0,26,46,Airbus
DBHIQCZC,ORY,ST,ORY,ORY,0,1200,0,0,0,21,59,Airbus
JTEQAQVT,BIA,CP,BIA,BIA,0,1200,0,0,0,27,41,Airbus
CBGHCTNR,BIA,FO,BIA,BIA,0,1200,0,0,0,28,50,Airbus
BFAKLXYK,BIA,CSD,BIA,BIA,0,1200,0,0,0,26,40,Airbus
UOGWQRNV,BIA,CSD,BIA,BIA,0,1200,0,0,0,25,55,Airbus
OADDTVTW,BIA,ST,BIA,BIA,0,1200,0,0,0,29,46,Airbus
YVJQVQTX,BIA,ST,BIA,BIA,0,1200,0,0,0,28,45,Airbus
DVSCKFIA,BIA,ST,BIA,BIA,0,1200,0,0,0,22,47,Airbus
TIQCLNSE,BIA,ST,BIA,BIA,0,1200,0,0,0,25,43,Airbus
QDUSNUAP,TLS,CP,TLS,TLS,0,1200,0,0,0,20,50,CRJ
VICRQTFB,TLS,FO,TLS,TLS,0,1200,0,0,0,22,49,CRJ
GDHNZTWZ,TLS,CS,TLS,TLS,0,1200,0,0,0,21,54,CRJ
IOILAZNK,TLS,ST,TLS,TLS,0,1200,0,0,0,21,48,CRJ
KFWSIJLR,TLS,ST,TLS,TLS,0,1200,0,0,0,20,49,CRJ
VCYRBWBW,BOD,CP,BOD,BOD,0,1200,0,0,0,21,47,CRJ
UPQKKVXY,BOD,FO,BOD,BOD,0,1200,0,0,0,29,56,CRJ
XHEVWTQJ,BOD,CS,BOD,BOD,0,1200,0,0,0,21,51,CRJ
VZFATSNR,BOD,ST,BOD,BOD,0,1200,0,0,0,21,46,CRJ
WZVJMUDM,BOD,ST,BOD,BOD,0,1200,0,0,0,21,58,CRJ
QTAUVJGW,ORY,CP,ORY,ORY,0,1200,0,0,0,23,49,Airbus
WOXYPUHU,ORY,FO,ORY,ORY,0,1200,0,0,0,27,46,Airbus
TQXSEXOM,ORY,CSD,ORY,ORY,0,1200,0,0,0,23,54,Airbus
SCWSWUXQ,ORY,CSD,ORY,ORY,0,1200,0,0,0,25,43,Airbus
NLGEGUYF,ORY,ST,ORY,ORY,0,1200,0,0,0,24,43,Airbus
SRJHZSFD,ORY,ST,ORY,ORY,0,1200,0,0,0,25,44,Airbus
DUAKPGPL,ORY,ST,ORY,ORY,0,1200,0,0,0,23,51,Airbus
LGBHNPVQ,ORY,ST,ORY,ORY,0,1200,0,0,0,27,43,Airbus
YJPDPGSI,MRS,CP,MRS,MRS,0,1200,0,0,0,23,49,Airbus
GIRAMKCE,MRS,FO,MRS,MRS,0,1200,0,0,0,24,41,Airbus
DMDCOKGA,MRS,CSD,MRS,MRS,0,1200,0,0,0,24,42,Airbus
TAGBYRZF,MRS,CSD,MRS,MRS,0,1200,0,0,0,22,57,Airbus
GKVPCYVZ,MRS,ST,MRS,MRS,0,1200,0,0,0,23,41,Airbus
YJSWBYQD,MRS,ST,MRS,MRS,0,1200,0,0,0,27,58,Airbus
EAEULMTS,MRS,ST,MRS,MRS,0,1200,0,0,0,27,53,Airbus
GZWBKZAZ,MRS,ST,MRS,MRS,0,1200,0,0,0,22,50,Airbus
LNGUHXLL,CDG,CP,CDG,CDG,0,1200,0,0,0,29,42,Airbus
OBBRECBS,CDG,FO,CDG,CDG,0,1200,0,0,0,25,52,Airbus
EPFXMNSF,CDG,CSD,CDG,CDG,0,1200,0,0,0,29,49,Airbus
OUYGEZIR,CDG,CSD,CDG,CDG,0,1200,0,0,0,20,51,Airbus
FIWNYDKV,CDG,ST,CDG,CDG,0,1200,0,0,0,27,45,Airbus
BWWJWYXS,CDG,ST,CDG,CDG,0,1200,0,0,0,20,58,Airbus
TAIRDKZC,CDG,ST,CDG,CDG,0,1200,0,0,0,22,41,Airbus
OVPGKAMT,CDG,ST,CDG,CDG,0,1200,0,0,0,28,50,Airbus
RDNQDEAT,CDG,CP,CDG,CDG,0,1200,0,0,0,23,53,Airbus
SDZCKNPW,CDG,FO,CDG,CDG,0,1200,0,0,0,22,59,Airbus
UOCJNCIW,CDG,CSD,CDG,CDG,0,1200,0,0,0,29,49,Airbus
PENUWUHF,CDG,CSD,CDG,CDG,0,1200,0,0,0,23,49,Airbus
LJGATRRE,CDG,ST,CDG,CDG,0,1200,0,0,0,29,45,Airbus
JJDOHWJP,CDG,ST,CDG,CDG,0,1200,0,0,0,27,45,Airbus
ZWGDRMEH,CDG,ST,CDG,CDG,0,1200,0,0,0,25,49,Airbus
PQPKJQBV,CDG,ST,CDG,CDG,0,1200,0,0,0,28,43,Airbus
JWWJTEYX,TLS,CP,TLS,TLS,0,1200,0,0,0,26,55,Airbus
ADHTXVBU,TLS,FO,TLS,TLS,0,1200,0,0,0,28,47,Airbus
DCFQCYFP,TLS,CSD,TLS,TLS,0,1200,0,0,0,20,49,Airbus
MDEEUEGQ,TLS,CSD,TLS,TLS,0,1200,0,0,0,25,57,Airbus
AOYFDLBB,TLS,ST,TLS,TLS,0,1200,0,0,0,21,58,Airbus
HLNFRJNV,TLS,ST,TLS,TLS,0,1200,0,0,0,24,57,Airbus
TEELWWRH,TLS,ST,TLS,TLS,0,1200,0,0,0,29,50,Airbus
GGXFHUGN,TLS,ST,TLS,TLS,0,1200,0,0,0,29,43,Airbus
VEZPNFKQ,ORY,CP,ORY,ORY,0,1200,0,0,0,26,57,Airbus
LGHSSIGL,ORY,FO,ORY,ORY,0,1200,0,0,0,24,56,Airbus
HFPBGTBP,ORY,CSD,ORY,ORY,0,1200,0,0,0,25,58,Airbus
HQEVAIZI,ORY,CSD,ORY,ORY,0,1200,0,0,0,24,44,Airbus
SSYNOZLD,ORY,ST,ORY,ORY,0,1200,0,0,0,28,43,Airbus
LFMAXAUT,ORY,ST,ORY,ORY,0,1200,0,0,0,22,58,Airbus
OXBYMKDY,ORY,ST,ORY,ORY,0,1200,0,0,0,29,46,Airbus
UISILKYD,ORY,ST,ORY,ORY,0,1200,0,0,0,28,56,Airbus
RGXUAMVE,NCE,CP,NCE,NCE,0,1200,0,0,0,22,44,Airbus
HTMZYREF,NCE,FO,NCE,NCE,0,1200,0,0,0,23,56,Airbus
QRFFZTSH,NCE,CSD,NCE,NCE,0,1200,0,0,0,26,57,Airbus
GLBZUZBY,NCE,CSD,NCE,NCE,0,1200,0,0,0,27,52,Airbus
PZZLFNED,NCE,ST,NCE,NCE,0,1200,0,0,0,20,57,Airbus
KKTNDYAS,NCE,ST,NCE,NCE,0,1200,0,0,0,25,47,Airbus
SXHVBGZA,NCE,ST,NCE,NCE,0,1200,0,0,0,24,56,Airbus
KLPZUYGT,NCE,ST,NCE,NCE,0,1200,0,0,0,29,56,Airbus
WEUIULJH,MRS,CP,MRS,MRS,0,1200,0,0,0,21,40,Airbus
OCYIRHFI,MRS,FO,MRS,MRS,0,1200,0,0,0,25,59,Airbus
VNUKKXEI,MRS,CSD,MRS,MRS,0,1200,0,0,0,28,55,Airbus
ERRMMHGW,MRS,CSD,MRS,MRS,0,1200,0,0,0,29,58,Airbus
XNIRCDGI,MRS,ST,MRS,MRS,0,1200,0,0,0,21,44,Airbus
ORDGDNST,MRS,ST,MRS,MRS,0,1200,0,0,0,21,55,Airbus
FNFEJSTU,MRS,ST,MRS,MRS,0,1200,0,0,0,28,48,Airbus
AJYZZFKT,MRS,ST,MRS,MRS,0,1200,0,0,0,29,59,Airbus
RVWHKVFV,BES,CP,BES,BES,0,1200,0,0,0,23,48,Airbus
XMYHFLAD,BES,FO,BES,BES,0,1200,0,0,0,28,40,Airbus
UMNJBQHG,BES,CSD,BES,BES,0,1200,0,0,0,20,56,Airbus
FKPTTOCP,BES,CSD,BES,BES,0,1200,0,0,0,26,43,Airbus
ZAVTYIVQ,BES,ST,BES,BES,0,1200,0,0,0,28,42,Airbus
IUWTJBAF,BES,ST,BES,BES,0,1200,0,0,0,25,40,Airbus
GNTGWFRZ,BES,ST,BES,BES,0,1200,0,0,0,23,40,Airbus
SEHTAFNK,BES,ST,BES,BES,0,1200,0,0,0,27,49,Airbus
VDSFVYKB,MPL,CP,MPL,MPL,0,1200,0,0,0,24,59,Airbus
NFAVWVUB,MPL,FO,MPL,MPL,0,1200,0,0,0,20,42,Airbus
CCWIOOCL,MPL,CSD,MPL,MPL,0,1200,0,0,0,20,46,Airbus
EWWVAJVH,MPL,CSD,MPL,MPL,0,1200,0,0,0,22,45,Airbus
TIDKTAOJ,MPL,ST,MPL,MPL,0,1200,0,0,0,22,59,Airbus
XARLZHZM,MPL,ST,MPL,MPL,0,1200,0,0,0,28,49,Airbus
JLMOPZOK,MPL,ST,MPL,MPL,0,1200,0,0,0,24,49,Airbus
JMMQCHJA,MPL,ST,MPL,MPL,0,1200,0,0,0,28,40,Airbus
VKUELDOV,CDG,CP,CDG,CDG,0,1200,0,0,0,28,56,Airbus
HCTJFWYF,CDG,FO,CDG,CDG,0,1200,0,0,0,22,47,Airbus
HBKIOQNQ,CDG,CSD,CDG,CDG,0,1200,0,0,0,24,49,Airbus
OFILSHUR,CDG,CSD,CDG,CDG,0,1200,0,0,0,26,45,Airbus
IXCWNDRU,CDG,ST,CDG,CDG,0,1200,0,0,0,26,56,Airbus
CWDAGFRR,CDG,ST,CDG,CDG,0,1200,0,0,0,25,58,Airbus
CPMFLOFM,CDG,ST,CDG,CDG,0,1200,0,0,0,21,55,Airbus
MWWWZECU,CDG,ST,CDG,CDG,0,1200,0,0,0,28,43,Airbus
ZFOZFXYZ,CFR,CP,CFR,CFR,0,1200,0,0,0,23,51,ERJ
EWGTWDTL,CFR,FO,CFR,CFR,0,1200,0,0,0,21,49,ERJ
GBKCMLIV,CFR,CS,CFR,CFR,0,1200,0,0,0,22,40,ERJ
HJHIGCNP,CFR,ST,CFR,CFR,0,1200,0,0,0,25,52,ERJ
FGGRVBQH,CFR,ST,CFR,CFR,0,1200,0,0,0,29,57,ERJ
MCQYYWFQ,BOD,CP,BOD,BOD,0,1200,0,0,0,21,58,Airbus
XGXRHFWI,BOD,FO,BOD,BOD,0,1200,0,0,0,25,49,Airbus
IBTIDSSL,BOD,CSD,BOD,BOD,0,1200,0,0,0,23,58,Airbus
WECYWAJU,BOD,CSD,BOD,BOD,0,1200,0,0,0,27,43,Airbus
QCFKXRTB,BOD,ST,BOD,BOD,0,1200,0,0,0,22,51,Airbus
DTCVQGKW,BOD,ST,BOD,BOD,0,1200,0,0,0,20,45,Airbus
UJNOUPFX,BOD,ST,BOD,BOD,0,1200,0,0,0,25,52,Airbus
VZCKRVZK,BOD,ST,BOD,BOD,0,1200,0,0,0,29,44,Airbus
JOVUKMSI,RNS,CP,RNS,RNS,0,1200,0,0,0,20,42,CRJ
YCJTSRRK,RNS,FO,RNS,RNS,0,1200,0,0,0,21,55,CRJ
FQEHBBJA,RNS,CS,RNS,RNS,0,1200,0,0,0,23,46,CRJ
BQEHMNFJ,RNS,ST,RNS,RNS,0,1200,0,0,0,26,42,CRJ
FPSIEEDL,RNS,ST,RNS,RNS,0,1200,0,0,0,22,57,CRJ
OBUWLEFT,BOD,CP,BOD,BOD,0,1200,0,0,0,24,42,Airbus
WDIRGGXL,BOD,FO,BOD,BOD,0,1200,0,0,0,23,45,Airbus
LJSXFCUE,BOD,CSD,BOD,BOD,0,1200,0,0,0,29,53,Airbus
OLEBPWYE,BOD,CSD,BOD,BOD,0,1200,0,0,0,22,44,Airbus
JUDZWQAP,BOD,ST,BOD,BOD,0,1200,0,0,0,25,50,Airbus
UZHEUVRF,BOD,ST,BOD,BOD,0,1200,0,0,0,22,49,Airbus
ZCCGTMPZ,BOD,ST,BOD,BOD,0,1200,0,0,0,24,51,Airbus
AJMEGOFP,BOD,ST,BOD,BOD,0,1200,0,0,0,20,41,Airbus
QJIWIUSL,ORY,CP,ORY,ORY,0,1200,0,0,0,28,42,Airbus
FHCRHTHA,ORY,FO,ORY,ORY,0,1200,0,0,0,25,55,Airbus
XIYDNGYQ,ORY,CSD,ORY,ORY,0,1200,0,0,0,21,55,Airbus
XTMIFLNF,ORY,CSD,ORY,ORY,0,1200,0,0,0,20,45,Airbus
GVPQDZVG,ORY,ST,ORY,ORY,0,1200,0,0,0,27,51,Airbus
JYIVKGHS,ORY,ST,ORY,ORY,0,1200,0,0,0,24,53,Airbus
RAFTTDMD,ORY,ST,ORY,ORY,0,1200,0,0,0,23,42,Airbus
OPDUNQQK,ORY,ST,ORY,ORY,0,1200,0,0,0,27,54,Airbus
KUHFGLJJ,SXB,CP,SXB,SXB,0,1200,0,0,0,22,45,Airbus
GZQMXSYI,SXB,FO,SXB,SXB,0,1200,0,0,0,22,57,Airbus
JDOXJEJB,SXB,CSD,SXB,SXB,0,1200,0,0,0,27,54,Airbus
UTEWWJYK,SXB,CSD,SXB,SXB,0,1200,0,0,0,20,40,Airbus
ZZMQRHXX,SXB,ST,SXB,SXB,0,1200,0,0,0,28,51,Airbus
UFCXWBIG,SXB,ST,SXB,SXB,0,1200,0,0,0,29,57,Airbus
SXTJLFPP,SXB,ST,SXB,SXB,0,1200,0,0,0,22,45,Airbus
ZUHUSLJI,SXB,ST,SXB,SXB,0,1200,0,0,0,22,53,Airbus
IAMPYAWH,MRS,CP,MRS,MRS,0,1200,0,0,0,29,48,Airbus
VRDUMEWZ,MRS,FO,MRS,MRS,0,1200,0,0,0,29,48,Airbus
HKJDMMPI,MRS,CSD,MRS,MRS,0,1200,0,0,0,27,59,Airbus
AQVEOGHM,MRS,CSD,MRS,MRS,0,1200,0,0,0,21,42,Airbus
YKCLLOIF,MRS,ST,MRS,MRS,0,1200,0,0,0,23,59,Airbus
URJIUFLB,MRS,ST,MRS,MRS,0,1200,0,0,0,25,59,Airbus
JRVQSCIS,MRS,ST,MRS,MRS,0,1200,0,0,0,29,41,Airbus
IAUEQUMS,MRS,ST,MRS,MRS,0,1200,0,0,0,24,46,Airbus
MOOROYTZ,ETZ,CP,ETZ,ETZ,0,1200,0,0,0,28,52,Airbus
QEVVXVQT,ETZ,FO,ETZ,ETZ,0,1200,0,0,0,29,41,Airbus
XGMCIZSM,ETZ,CSD,ETZ,ETZ,0,1200,0,0,0,27,40,Airbus
IJPIIGMJ,ETZ,CSD,ETZ,ETZ,0,1200,0,0,0,24,41,Airbus
DFNEMMIZ,ETZ,ST,ETZ,ETZ,0,1200,0,0,0,24,44,Airbus
SRLZNSTD,ETZ,ST,ETZ,ETZ,0,1200,0,0,0,27,44,Airbus
TMCYFDND,ETZ,ST,ETZ,ETZ,0,1200,0,0,0,24,58,Airbus
BCBGRLWG,ETZ,ST,ETZ,ETZ,0,1200,0,0,0,25,42,Airbus
GUUVAJER,AJA,CP,AJA,AJA,0,1200,0,0,0,26,59,Airbus
JHNUJMPA,AJA,FO,AJA,AJA,0,1200,0,0,0,22,53,Airbus
NPVUBIKX,AJA,CSD,AJA,AJA,0,1200,0,0,0,24,59,Airbus
MBKWZUZT,AJA,CSD,AJA,AJA,0,1200,0,0,0,24,43,Airbus
YIJOBBYR,AJA,ST,AJA,AJA,0,1200,0,0,0,27,57,Airbus
DXTZBNZN,AJA,ST,AJA,AJA,0,1200,0,0,0,26,51,Airbus
CCGWWDXK,AJA,ST,AJA,AJA,0,1200,0,0,0,23,57,Airbus
YQXWSWEH,AJA,ST,AJA,AJA,0,1200,0,0,0,21,58,Airbus
QWFYQFQD,NCE,CP,NCE,NCE,0,1200,0,0,0,28,58,Airbus
JGIKVNJE,NCE,FO,NCE,NCE,0,1200,0,0,0,23,43,Airbus
ZZCWMSNA,NCE,CSD,NCE,NCE,0,1200,0,0,0,25,41,Airbus
KHHNTJEA,NCE,CSD,NCE,NCE,0,1200,0,0,0,20,47,Airbus
GPSYZIIT,NCE,ST,NCE,NCE,0,1200,0,0,0,25,54,Airbus
HVYXNEID,NCE,ST,NCE,NCE,0,1200,0,0,0,24,48,Airbus
KUOMDMXQ,NCE,ST,NCE,NCE,0,1200,0,0,0,29,48,Airbus
ZBUJEYKE,NCE,ST,NCE,NCE,0,1200,0,0,0,23,54,Airbus
