airport,start,finish,capacity,type,misuse_penalty
AJA,2006-01-07T05:00,2006-01-07T06:00,1,t,0
AJA,2006-01-07T06:00,2006-01-07T07:00,1,t,0
AJA,2006-01-07T07:00,2006-01-07T08:00,1,t,0
AJA,2006-01-07T08:00,2006-01-07T09:00,1,t,0
AJA,2006-01-07T09:00,2006-01-07T10:00,1,t,0
AJA,2006-01-07T10:00,2006-01-07T11:00,1,t,0
AJA,2006-01-07T11:00,2006-01-07T12:00,1,t,2000
AJA,2006-01-07T12:00,2006-01-07T13:00,1,t,0
AJA,2006-01-07T13:00,2006-01-07T14:00,1,t,0
AJA,2006-01-07T05:00,2006-01-07T06:00,1,l,0
AJA,2006-01-07T06:00,2006-01-07T07:00,1,l,0
AJA,2006-01-07T07:00,2006-01-07T08:00,1,l,0
AJA,2006-01-07T08:00,2006-01-07T09:00,1,l,0
AJA,2006-01-07T09:00,2006-01-07T10:00,1,l,0
AJA,2006-01-07T10:00,2006-01-07T11:00,1,l,0
AJA,2006-01-07T11:00,2006-01-07T12:00,1,l,0
AJA,2006-01-07T12:00,2006-01-07T13:00,1,l,1000
AJA,2006-01-07T13:00,2006-01-07T14:00,1,l,0
AJA,2006-01-07T14:00,2006-01-07T15:00,2,t,0
AJA,2006-01-07T15:00,2006-01-07T16:00,2,t,0
AJA,2006-01-07T14:00,2006-01-07T15:00,1,l,0
AJA,2006-01-07T15:00,2006-01-07T16:00,1,l,0
AJA,2006-01-07T16:00,2006-01-07T17:00,1,t,0
AJA,2006-01-07T17:00,2006-01-07T18:00,1,t,0
AJA,2006-01-07T16:00,2006-01-07T17:00,1,l,0
AJA,2006-01-07T17:00,2006-01-07T18:00,1,l,0
AJA,2006-01-07T18:00,2006-01-07T19:00,1,t,0
AJA,2006-01-07T19:00,2006-01-07T20:00,1,t,0
AJA,2006-01-07T18:00,2006-01-07T19:00,2,l,0
AJA,2006-01-07T19:00,2006-01-07T20:00,2,l,0
AJA,2006-01-07T20:00,2006-01-07T21:00,1,t,0
AJA,2006-01-07T21:00,2006-01-07T22:00,1,t,0
AJA,2006-01-07T22:00,2006-01-07T23:00,1,t,0
AJA,2006-01-07T23:00,2006-01-08T00:00,1,t,0
AJA,2006-01-07T20:00,2006-01-07T21:00,1,l,0
AJA,2006-01-07T21:00,2006-01-07T22:00,1,l,0
AJA,2006-01-07T22:00,2006-01-07T23:00,1,l,0
AJA,2006-01-07T23:00,2006-01-08T00:00,1,l,0
AMS,2006-01-07T00:00,2006-01-07T01:00,1,t,0
AMS,2006-01-07T01:00,2006-01-07T02:00,1,t,0
AMS,2006-01-07T02:00,2006-01-07T03:00,1,t,0
AMS,2006-01-07T03:00,2006-01-07T04:00,1,t,0
AMS,2006-01-07T04:00,2006-01-07T05:00,1,t,0
AMS,2006-01-07T05:00,2006-01-07T06:00,1,t,0
AMS,2006-01-07T06:00,2006-01-07T07:00,1,t,0
AMS,2006-01-07T00:00,2006-01-07T01:00,1,l,0
AMS,2006-01-07T01:00,2006-01-07T02:00,1,l,0
AMS,2006-01-07T02:00,2006-01-07T03:00,1,l,0
AMS,2006-01-07T03:00,2006-01-07T04:00,1,l,0
AMS,2006-01-07T04:00,2006-01-07T05:00,1,l,0
AMS,2006-01-07T05:00,2006-01-07T06:00,1,l,0
AMS,2006-01-07T06:00,2006-01-07T07:00,1,l,0
AMS,2006-01-07T07:00,2006-01-07T08:00,4,t,9000
AMS,2006-01-07T08:00,2006-01-07T09:00,4,t,0
AMS,2006-01-07T07:00,2006-01-07T08:00,2,l,0
AMS,2006-01-07T08:00,2006-01-07T09:00,2,l,0
AMS,2006-01-07T09:00,2006-01-07T10:00,1,t,0
AMS,2006-01-07T10:00,2006-01-07T11:00,1,t,7000
AMS,2006-01-07T11:00,2006-01-07T12:00,1,t,0
AMS,2006-01-07T09:00,2006-01-07T10:00,1,l,0
AMS,2006-01-07T10:00,2006-01-07T11:00,1,l,0
AMS,2006-01-07T11:00,2006-01-07T12:00,1,l,0
AMS,2006-01-07T12:00,2006-01-07T13:00,2,t,0
AMS,2006-01-07T13:00,2006-01-07T14:00,2,t,0
AMS,2006-01-07T14:00,2006-01-07T15:00,2,t,0
AMS,2006-01-07T12:00,2006-01-07T13:00,3,l,0
AMS,2006-01-07T13:00,2006-01-07T14:00,3,l,0
AMS,2006-01-07T14:00,2006-01-07T15:00,3,l,0
AMS,2006-01-07T15:00,2006-01-07T16:00,1,t,0
AMS,2006-01-07T16:00,2006-01-07T17:00,1,t,0
AMS,2006-01-07T15:00,2006-01-07T16:00,1,l,0
AMS,2006-01-07T16:00,2006-01-07T17:00,1,l,0
AMS,2006-01-07T17:00,2006-01-07T18:00,3,t,6000
AMS,2006-01-07T18:00,2006-01-07T19:00,3,t,0
AMS,2006-01-07T17:00,2006-01-07T18:00,3,l,0
AMS,2006-01-07T18:00,2006-01-07T19:00,3,l,0
AMS,2006-01-07T19:00,2006-01-07T20:00,1,t,0
AMS,2006-01-07T20:00,2006-01-07T21:00,1,t,0
AMS,2006-01-07T21:00,2006-01-07T22:00,1,t,0
AMS,2006-01-07T22:00,2006-01-07T23:00,1,t,0
AMS,2006-01-07T23:00,2006-01-08T00:00,1,t,0
AMS,2006-01-07T19:00,2006-01-07T20:00,1,l,8000
AMS,2006-01-07T20:00,2006-01-07T21:00,1,l,2000
AMS,2006-01-07T21:00,2006-01-07T22:00,1,l,0
AMS,2006-01-07T22:00,2006-01-07T23:00,1,l,0
AMS,2006-01-07T23:00,2006-01-08T00:00,1,l,0
AVN,2006-01-07T05:00,2006-01-07T06:00,1,t,0
AVN,2006-01-07T06:00,2006-01-07T07:00,1,t,0
AVN,2006-01-07T07:00,2006-01-07T08:00,1,t,0
AVN,2006-01-07T08:00,2006-01-07T09:00,1,t,4000
AVN,2006-01-07T09:00,2006-01-07T10:00,1,t,0
AVN,2006-01-07T10:00,2006-01-07T11:00,1,t,0
AVN,2006-01-07T11:00,2006-01-07T12:00,1,t,8000
AVN,2006-01-07T12:00,2006-01-07T13:00,1,t,0
AVN,2006-01-07T13:00,2006-01-07T14:00,1,t,0
AVN,2006-01-07T14:00,2006-01-07T15:00,1,t,0
AVN,2006-01-07T15:00,2006-01-07T16:00,1,t,9000
AVN,2006-01-07T16:00,2006-01-07T17:00,1,t,0
AVN,2006-01-07T17:00,2006-01-07T18:00,1,t,0
AVN,2006-01-07T18:00,2006-01-07T19:00,1,t,0
AVN,2006-01-07T19:00,2006-01-07T20:00,1,t,0
AVN,2006-01-07T20:00,2006-01-07T21:00,1,t,0
AVN,2006-01-07T05:00,2006-01-07T06:00,1,l,0
AVN,2006-01-07T06:00,2006-01-07T07:00,1,l,4000
AVN,2006-01-07T07:00,2006-01-07T08:00,1,l,0
AVN,2006-01-07T08:00,2006-01-07T09:00,1,l,0
AVN,2006-01-07T09:00,2006-01-07T10:00,1,l,0
AVN,2006-01-07T10:00,2006-01-07T11:00,1,l,0
AVN,2006-01-07T11:00,2006-01-07T12:00,1,l,0
AVN,2006-01-07T12:00,2006-01-07T13:00,1,l,0
AVN,2006-01-07T13:00,2006-01-07T14:00,1,l,0
AVN,2006-01-07T14:00,2006-01-07T15:00,1,l,0
AVN,2006-01-07T15:00,2006-01-07T16:00,1,l,0
AVN,2006-01-07T16:00,2006-01-07T17:00,1,l,0
AVN,2006-01-07T17:00,2006-01-07T18:00,1,l,0
AVN,2006-01-07T18:00,2006-01-07T19:00,1,l,0
AVN,2006-01-07T19:00,2006-01-07T20:00,1,l,0
AVN,2006-01-07T20:00,2006-01-07T21:00,1,l,0
BES,2006-01-07T00:00,2006-01-07T01:00,1,t,0
BES,2006-01-07T01:00,2006-01-07T02:00,1,t,0
BES,2006-01-07T02:00,2006-01-07T03:00,1,t,0
BES,2006-01-07T03:00,2006-01-07T04:00,1,t,0
BES,2006-01-07T04:00,2006-01-07T05:00,1,t,7000
BES,2006-01-07T00:00,2006-01-07T01:00,1,l,0
BES,2006-01-07T01:00,2006-01-07T02:00,1,l,0
BES,2006-01-07T02:00,2006-01-07T03:00,1,l,0
BES,2006-01-07T03:00,2006-01-07T04:00,1,l,0
BES,2006-01-07T04:00,2006-01-07T05:00,1,l,0
BES,2006-01-07T05:00,2006-01-07T06:00,3,t,0
BES,2006-01-07T06:00,2006-01-07T07:00,3,t,0
BES,2006-01-07T05:00,2006-01-07T06:00,1,l,0
BES,2006-01-07T06:00,2006-01-07T07:00,1,l,0
BES,2006-01-07T07:00,2006-01-07T08:00,1,t,0
BES,2006-01-07T08:00,2006-01-07T09:00,1,t,0
BES,2006-01-07T07:00,2006-01-07T08:00,1,l,0
BES,2006-01-07T08:00,2006-01-07T09:00,1,l,0
BES,2006-01-07T09:00,2006-01-07T10:00,3,t,0
BES,2006-01-07T10:00,2006-01-07T11:00,3,t,0
BES,2006-01-07T11:00,2006-01-07T12:00,3,t,0
BES,2006-01-07T12:00,2006-01-07T13:00,3,t,0
BES,2006-01-07T13:00,2006-01-07T14:00,3,t,0
BES,2006-01-07T09:00,2006-01-07T10:00,3,l,0
BES,2006-01-07T10:00,2006-01-07T11:00,3,l,0
BES,2006-01-07T11:00,2006-01-07T12:00,3,l,0
BES,2006-01-07T12:00,2006-01-07T13:00,3,l,0
BES,2006-01-07T13:00,2006-01-07T14:00,3,l,7000
BES,2006-01-07T14:00,2006-01-07T15:00,2,t,5000
BES,2006-01-07T15:00,2006-01-07T16:00,2,t,0
BES,2006-01-07T16:00,2006-01-07T17:00,2,t,0
BES,2006-01-07T17:00,2006-01-07T18:00,2,t,0
BES,2006-01-07T18:00,2006-01-07T19:00,2,t,0
BES,2006-01-07T19:00,2006-01-07T20:00,2,t,0
BES,2006-01-07T20:00,2006-01-07T21:00,2,t,0
BES,2006-01-07T21:00,2006-01-07T22:00,2,t,0
BES,2006-01-07T22:00,2006-01-07T23:00,2,t,0
BES,2006-01-07T23:00,2006-01-08T00:00,2,t,0
BES,2006-01-07T14:00,2006-01-07T15:00,2,l,0
BES,2006-01-07T15:00,2006-01-07T16:00,2,l,0
BES,2006-01-07T16:00,2006-01-07T17:00,2,l,0
BES,2006-01-07T17:00,2006-01-07T18:00,2,l,0
BES,2006-01-07T18:00,2006-01-07T19:00,2,l,0
BES,2006-01-07T19:00,2006-01-07T20:00,2,l,0
BES,2006-01-07T20:00,2006-01-07T21:00,2,l,0
BES,2006-01-07T21:00,2006-01-07T22:00,2,l,0
BES,2006-01-07T22:00,2006-01-07T23:00,2,l,0
BES,2006-01-07T23:00,2006-01-08T00:00,2,l,0
BIA,2006-01-07T00:00,2006-01-07T01:00,1,t,0
BIA,2006-01-07T01:00,2006-01-07T02:00,1,t,0
BIA,2006-01-07T02:00,2006-01-07T03:00,1,t,0
BIA,2006-01-07T03:00,2006-01-07T04:00,1,t,0
BIA,2006-01-07T04:00,2006-01-07T05:00,1,t,0
BIA,2006-01-07T05:00,2006-01-07T06:00,1,t,0
BIA,2006-01-07T06:00,2006-01-07T07:00,1,t,0
BIA,2006-01-07T07:00,2006-01-07T08:00,1,t,0
BIA,2006-01-07T08:00,2006-01-07T09:00,1,t,0
BIA,2006-01-07T09:00,2006-01-07T10:00,1,t,0
BIA,2006-01-07T10:00,2006-01-07T11:00,1,t,0
BIA,2006-01-07T11:00,2006-01-07T12:00,1,t,0
BIA,2006-01-07T12:00,2006-01-07T13:00,1,t,0
BIA,2006-01-07T13:00,2006-01-07T14:00,1,t,0
BIA,2006-01-07T14:00,2006-01-07T15:00,1,t,0
BIA,2006-01-07T15:00,2006-01-07T16:00,1,t,0
BIA,2006-01-07T16:00,2006-01-07T17:00,1,t,0
BIA,2006-01-07T17:00,2006-01-07T18:00,1,t,0
BIA,2006-01-07T18:00,2006-01-07T19:00,1,t,2000
BIA,2006-01-07T19:00,2006-01-07T20:00,1,t,0
BIA,2006-01-07T20:00,2006-01-07T21:00,1,t,0
BIA,2006-01-07T21:00,2006-01-07T22:00,1,t,0
BIA,2006-01-07T22:00,2006-01-07T23:00,1,t,0
BIA,2006-01-07T23:00,2006-01-08T00:00,1,t,0
BIA,2006-01-07T00:00,2006-01-07T01:00,1,l,0
BIA,2006-01-07T01:00,2006-01-07T02:00,1,l,0
BIA,2006-01-07T02:00,2006-01-07T03:00,1,l,0
BIA,2006-01-07T03:00,2006-01-07T04:00,1,l,0
BIA,2006-01-07T04:00,2006-01-07T05:00,1,l,6000
BIA,2006-01-07T05:00,2006-01-07T06:00,1,l,0
BIA,2006-01-07T06:00,2006-01-07T07:00,1,l,0
BIA,2006-01-07T07:00,2006-01-07T08:00,1,l,0
BIA,2006-01-07T08:00,2006-01-07T09:00,1,l,0
BIA,2006-01-07T09:00,2006-01-07T10:00,1,l,0
BIA,2006-01-07T10:00,2006-01-07T11:00,1,l,0
BIA,2006-01-07T11:00,2006-01-07T12:00,1,l,0
BIA,2006-01-07T12:00,2006-01-07T13:00,1,l,0
BIA,2006-01-07T13:00,2006-01-07T14:00,1,l,0
BIA,2006-01-07T14:00,2006-01-07T15:00,1,l,0
BIA,2006-01-07T15:00,2006-01-07T16:00,1,l,0
BIA,2006-01-07T16:00,2006-01-07T17:00,1,l,0
BIA,2006-01-07T17:00,2006-01-07T18:00,1,l,0
BIA,2006-01-07T18:00,2006-01-07T19:00,1,l,0
BIA,2006-01-07T19:00,2006-01-07T20:00,1,l,0
BIA,2006-01-07T20:00,2006-01-07T21:00,1,l,0
BIA,2006-01-07T21:00,2006-01-07T22:00,1,l,0
BIA,2006-01-07T22:00,2006-01-07T23:00,1,l,0
BIA,2006-01-07T23:00,2006-01-08T00:00,1,l,0
BIQ,2006-01-07T00:00,2006-01-07T01:00,1,t,0
BIQ,2006-01-07T01:00,2006-01-07T02:00,1,t,0
BIQ,2006-01-07T02:00,2006-01-07T03:00,1,t,0
BIQ,2006-01-07T03:00,2006-01-07T04:00,1,t,0
BIQ,2006-01-07T04:00,2006-01-07T05:00,1,t,0
BIQ,2006-01-07T00:00,2006-01-07T01:00,1,l,0
BIQ,2006-01-07T01:00,2006-01-07T02:00,1,l,7000
BIQ,2006-01-07T02:00,2006-01-07T03:00,1,l,0
BIQ,2006-01-07T03:00,2006-01-07T04:00,1,l,5000
BIQ,2006-01-07T04:00,2006-01-07T05:00,1,l,0
BIQ,2006-01-07T05:00,2006-01-07T06:00,2,t,0
BIQ,2006-01-07T06:00,2006-01-07T07:00,2,t,0
BIQ,2006-01-07T05:00,2006-01-07T06:00,1,l,0
BIQ,2006-01-07T06:00,2006-01-07T07:00,1,l,0
BIQ,2006-01-07T07:00,2006-01-07T08:00,1,t,7000
BIQ,2006-01-07T08:00,2006-01-07T09:00,1,t,0
BIQ,2006-01-07T09:00,2006-01-07T10:00,1,t,0
BIQ,2006-01-07T10:00,2006-01-07T11:00,1,t,0
BIQ,2006-01-07T11:00,2006-01-07T12:00,1,t,0
BIQ,2006-01-07T12:00,2006-01-07T13:00,1,t,0
BIQ,2006-01-07T13:00,2006-01-07T14:00,1,t,0
BIQ,2006-01-07T14:00,2006-01-07T15:00,1,t,0
BIQ,2006-01-07T15:00,2006-01-07T16:00,1,t,0
BIQ,2006-01-07T16:00,2006-01-07T17:00,1,t,0
BIQ,2006-01-07T17:00,2006-01-07T18:00,1,t,0
BIQ,2006-01-07T18:00,2006-01-07T19:00,1,t,3000
BIQ,2006-01-07T19:00,2006-01-07T20:00,1,t,0
BIQ,2006-01-07T07:00,2006-01-07T08:00,1,l,0
BIQ,2006-01-07T08:00,2006-01-07T09:00,1,l,0
BIQ,2006-01-07T09:00,2006-01-07T10:00,1,l,0
BIQ,2006-01-07T10:00,2006-01-07T11:00,1,l,0
BIQ,2006-01-07T11:00,2006-01-07T12:00,1,l,0
BIQ,2006-01-07T12:00,2006-01-07T13:00,1,l,0
BIQ,2006-01-07T13:00,2006-01-07T14:00,1,l,2000
BIQ,2006-01-07T14:00,2006-01-07T15:00,1,l,0
BIQ,2006-01-07T15:00,2006-01-07T16:00,1,l,0
BIQ,2006-01-07T16:00,2006-01-07T17:00,1,l,0
BIQ,2006-01-07T17:00,2006-01-07T18:00,1,l,0
BIQ,2006-01-07T18:00,2006-01-07T19:00,1,l,0
BIQ,2006-01-07T19:00,2006-01-07T20:00,1,l,2000
BIQ,2006-01-07T20:00,2006-01-07T21:00,0,t,0
BIQ,2006-01-07T21:00,2006-01-07T22:00,1,t,0
BIQ,2006-01-07T20:00,2006-01-07T21:00,2,l,0
BIQ,2006-01-07T21:00,2006-01-07T22:00,2,l,0
BIQ,2006-01-07T22:00,2006-01-07T23:00,1,t,0
BIQ,2006-01-07T23:00,2006-01-08T00:00,1,t,0
BIQ,2006-01-07T22:00,2006-01-07T23:00,1,l,0
BIQ,2006-01-07T23:00,2006-01-08T00:00,1,l,7000
BOD,2006-01-07T00:00,2006-01-07T01:00,1,t,0
BOD,2006-01-07T01:00,2006-01-07T02:00,1,t,0
BOD,2006-01-07T02:00,2006-01-07T03:00,1,t,0
BOD,2006-01-07T03:00,2006-01-07T04:00,1,t,0
BOD,2006-01-07T04:00,2006-01-07T05:00,1,t,0
BOD,2006-01-07T00:00,2006-01-07T01:00,1,l,0
BOD,2006-01-07T01:00,2006-01-07T02:00,1,l,0
BOD,2006-01-07T02:00,2006-01-07T03:00,1,l,0
BOD,2006-01-07T03:00,2006-01-07T04:00,1,l,6000
BOD,2006-01-07T04:00,2006-01-07T05:00,1,l,0
BOD,2006-01-07T05:00,2006-01-07T06:00,2,t,0
BOD,2006-01-07T06:00,2006-01-07T07:00,2,t,0
BOD,2006-01-07T05:00,2006-01-07T06:00,1,l,9000
BOD,2006-01-07T06:00,2006-01-07T07:00,1,l,0
BOD,2006-01-07T07:00,2006-01-07T08:00,2,t,0
BOD,2006-01-07T08:00,2006-01-07T09:00,2,t,0
BOD,2006-01-07T09:00,2006-01-07T10:00,2,t,0
BOD,2006-01-07T10:00,2006-01-07T11:00,2,t,0
BOD,2006-01-07T11:00,2006-01-07T12:00,2,t,0
BOD,2006-01-07T12:00,2006-01-07T13:00,2,t,1000
BOD,2006-01-07T13:00,2006-01-07T14:00,2,t,0
BOD,2006-01-07T14:00,2006-01-07T15:00,2,t,0
BOD,2006-01-07T15:00,2006-01-07T16:00,2,t,0
BOD,2006-01-07T16:00,2006-01-07T17:00,2,t,0
BOD,2006-01-07T17:00,2006-01-07T18:00,2,t,4000
BOD,2006-01-07T18:00,2006-01-07T19:00,2,t,0
BOD,2006-01-07T19:00,2006-01-07T20:00,1,t,0
BOD,2006-01-07T07:00,2006-01-07T08:00,2,l,0
BOD,2006-01-07T08:00,2006-01-07T09:00,2,l,0
BOD,2006-01-07T09:00,2006-01-07T10:00,2,l,0
BOD,2006-01-07T10:00,2006-01-07T11:00,2,l,0
BOD,2006-01-07T11:00,2006-01-07T12:00,2,l,0
BOD,2006-01-07T12:00,2006-01-07T13:00,2,l,5000
BOD,2006-01-07T13:00,2006-01-07T14:00,2,l,0
BOD,2006-01-07T14:00,2006-01-07T15:00,2,l,0
BOD,2006-01-07T15:00,2006-01-07T16:00,2,l,7000
BOD,2006-01-07T16:00,2006-01-07T17:00,2,l,0
BOD,2006-01-07T17:00,2006-01-07T18:00,2,l,0
BOD,2006-01-07T18:00,2006-01-07T19:00,1,l,6000
BOD,2006-01-07T19:00,2006-01-07T20:00,1,l,0
BOD,2006-01-07T20:00,2006-01-07T21:00,1,t,0
BOD,2006-01-07T21:00,2006-01-07T22:00,1,t,0
BOD,2006-01-07T20:00,2006-01-07T21:00,2,l,0
BOD,2006-01-07T21:00,2006-01-07T22:00,3,l,0
BOD,2006-01-07T22:00,2006-01-07T23:00,1,t,0
BOD,2006-01-07T23:00,2006-01-08T00:00,1,t,0
BOD,2006-01-07T22:00,2006-01-07T23:00,1,l,0
BOD,2006-01-07T23:00,2006-01-08T00:00,1,l,0
CDG,2006-01-07T00:00,2006-01-07T01:00,4,t,0
CDG,2006-01-07T01:00,2006-01-07T02:00,4,t,0
CDG,2006-01-07T02:00,2006-01-07T03:00,4,t,0
CDG,2006-01-07T03:00,2006-01-07T04:00,4,t,0
CDG,2006-01-07T04:00,2006-01-07T05:00,4,t,0
CDG,2006-01-07T05:00,2006-01-07T06:00,4,t,0
CDG,2006-01-07T00:00,2006-01-07T01:00,4,l,0
CDG,2006-01-07T01:00,2006-01-07T02:00,4,l,0
CDG,2006-01-07T02:00,2006-01-07T03:00,4,l,0
CDG,2006-01-07T03:00,2006-01-07T04:00,4,l,0
CDG,2006-01-07T04:00,2006-01-07T05:00,4,l,0
CDG,2006-01-07T05:00,2006-01-07T06:00,4,l,0
CDG,2006-01-07T06:00,2006-01-07T07:00,8,t,6000
CDG,2006-01-07T07:00,2006-01-07T08:00,8,t,0
CDG,2006-01-07T06:00,2006-01-07T07:00,10,l,0
CDG,2006-01-07T07:00,2006-01-07T08:00,10,l,0
CDG,2006-01-07T08:00,2006-01-07T09:00,10,t,0
CDG,2006-01-07T09:00,2006-01-07T10:00,10,t,0
CDG,2006-01-07T10:00,2006-01-07T11:00,10,t,0
CDG,2006-01-07T08:00,2006-01-07T09:00,8,l,0
CDG,2006-01-07T09:00,2006-01-07T10:00,8,l,0
CDG,2006-01-07T10:00,2006-01-07T11:00,8,l,0
CDG,2006-01-07T11:00,2006-01-07T12:00,12,t,0
CDG,2006-01-07T12:00,2006-01-07T13:00,12,t,0
CDG,2006-01-07T11:00,2006-01-07T12:00,14,l,0
CDG,2006-01-07T12:00,2006-01-07T13:00,14,l,0
CDG,2006-01-07T13:00,2006-01-07T14:00,8,t,0
CDG,2006-01-07T14:00,2006-01-07T15:00,8,t,0
CDG,2006-01-07T15:00,2006-01-07T16:00,8,t,0
CDG,2006-01-07T16:00,2006-01-07T17:00,8,t,0
CDG,2006-01-07T13:00,2006-01-07T14:00,8,l,0
CDG,2006-01-07T14:00,2006-01-07T15:00,8,l,0
CDG,2006-01-07T15:00,2006-01-07T16:00,8,l,0
CDG,2006-01-07T16:00,2006-01-07T17:00,8,l,0
CDG,2006-01-07T17:00,2006-01-07T18:00,11,t,0
CDG,2006-01-07T17:00,2006-01-07T18:00,8,l,0
CDG,2006-01-07T18:00,2006-01-07T19:00,8,t,0
CDG,2006-01-07T19:00,2006-01-07T20:00,8,t,0
CDG,2006-01-07T18:00,2006-01-07T19:00,6,l,0
CDG,2006-01-07T19:00,2006-01-07T20:00,6,l,0
CDG,2006-01-07T20:00,2006-01-07T21:00,12,t,1000
CDG,2006-01-07T21:00,2006-01-07T22:00,12,t,0
CDG,2006-01-07T20:00,2006-01-07T21:00,10,l,0
CDG,2006-01-07T21:00,2006-01-07T22:00,7,l,0
CDG,2006-01-07T22:00,2006-01-07T23:00,4,t,0
CDG,2006-01-07T23:00,2006-01-08T00:00,4,t,0
CDG,2006-01-07T22:00,2006-01-07T23:00,4,l,0
CDG,2006-01-07T23:00,2006-01-08T00:00,4,l,0
CFE,2006-01-07T05:00,2006-01-07T06:00,2,t,0
CFE,2006-01-07T06:00,2006-01-07T07:00,2,t,4000
CFE,2006-01-07T05:00,2006-01-07T06:00,1,l,0
CFE,2006-01-07T06:00,2006-01-07T07:00,1,l,4000
CFE,2006-01-07T07:00,2006-01-07T08:00,1,t,0
CFE,2006-01-07T08:00,2006-01-07T09:00,1,t,0
CFE,2006-01-07T09:00,2006-01-07T10:00,1,t,8000
CFE,2006-01-07T10:00,2006-01-07T11:00,1,t,0
CFE,2006-01-07T11:00,2006-01-07T12:00,1,t,0
CFE,2006-01-07T12:00,2006-01-07T13:00,1,t,0
CFE,2006-01-07T13:00,2006-01-07T14:00,1,t,0
CFE,2006-01-07T14:00,2006-01-07T15:00,1,t,0
CFE,2006-01-07T07:00,2006-01-07T08:00,1,l,0
CFE,2006-01-07T08:00,2006-01-07T09:00,1,l,0
CFE,2006-01-07T09:00,2006-01-07T10:00,1,l,0
CFE,2006-01-07T10:00,2006-01-07T11:00,1,l,0
CFE,2006-01-07T11:00,2006-01-07T12:00,1,l,0
CFE,2006-01-07T12:00,2006-01-07T13:00,1,l,0
CFE,2006-01-07T13:00,2006-01-07T14:00,1,l,0
CFE,2006-01-07T14:00,2006-01-07T15:00,1,l,7000
CFE,2006-01-07T15:00,2006-01-07T16:00,2,t,0
CFE,2006-01-07T16:00,2006-01-07T17:00,2,t,0
CFE,2006-01-07T17:00,2006-01-07T18:00,2,t,0
CFE,2006-01-07T15:00,2006-01-07T16:00,2,l,0
CFE,2006-01-07T16:00,2006-01-07T17:00,2,l,0
CFE,2006-01-07T17:00,2006-01-07T18:00,2,l,0
CFE,2006-01-07T18:00,2006-01-07T19:00,1,t,0
CFE,2006-01-07T19:00,2006-01-07T20:00,1,t,0
CFE,2006-01-07T20:00,2006-01-07T21:00,1,t,3000
CFE,2006-01-07T21:00,2006-01-07T22:00,1,t,4000
CFE,2006-01-07T22:00,2006-01-07T23:00,1,t,0
CFE,2006-01-07T23:00,2006-01-08T00:00,1,t,0
CFE,2006-01-07T18:00,2006-01-07T19:00,1,l,0
CFE,2006-01-07T19:00,2006-01-07T20:00,1,l,0
CFE,2006-01-07T20:00,2006-01-07T21:00,2,l,0
CFE,2006-01-07T21:00,2006-01-07T22:00,1,l,0
CFE,2006-01-07T22:00,2006-01-07T23:00,1,l,0
CFE,2006-01-07T23:00,2006-01-08T00:00,1,l,9000
CFR,2006-01-07T05:00,2006-01-07T06:00,1,t,0
CFR,2006-01-07T06:00,2006-01-07T07:00,1,t,0
CFR,2006-01-07T07:00,2006-01-07T08:00,1,t,0
CFR,2006-01-07T08:00,2006-01-07T09:00,1,t,0
CFR,2006-01-07T09:00,2006-01-07T10:00,1,t,0
CFR,2006-01-07T10:00,2006-01-07T11:00,1,t,0
CFR,2006-01-07T11:00,2006-01-07T12:00,1,t,1000
CFR,2006-01-07T12:00,2006-01-07T13:00,1,t,0
CFR,2006-01-07T13:00,2006-01-07T14:00,1,t,1000
CFR,2006-01-07T14:00,2006-01-07T15:00,1,t,0
CFR,2006-01-07T15:00,2006-01-07T16:00,1,t,2000
CFR,2006-01-07T16:00,2006-01-07T17:00,1,t,0
CFR,2006-01-07T17:00,2006-01-07T18:00,1,t,0
CFR,2006-01-07T18:00,2006-01-07T19:00,1,t,3000
CFR,2006-01-07T19:00,2006-01-07T20:00,1,t,0
CFR,2006-01-07T20:00,2006-01-07T21:00,1,t,0
CFR,2006-01-07T05:00,2006-01-07T06:00,1,l,0
CFR,2006-01-07T06:00,2006-01-07T07:00,1,l,0
CFR,2006-01-07T07:00,2006-01-07T08:00,1,l,5000
CFR,2006-01-07T08:00,2006-01-07T09:00,1,l,0
CFR,2006-01-07T09:00,2006-01-07T10:00,1,l,4000
CFR,2006-01-07T10:00,2006-01-07T11:00,1,l,1000
CFR,2006-01-07T11:00,2006-01-07T12:00,1,l,0
CFR,2006-01-07T12:00,2006-01-07T13:00,1,l,0
CFR,2006-01-07T13:00,2006-01-07T14:00,1,l,0
CFR,2006-01-07T14:00,2006-01-07T15:00,1,l,0
CFR,2006-01-07T15:00,2006-01-07T16:00,1,l,0
CFR,2006-01-07T16:00,2006-01-07T17:00,1,l,0
CFR,2006-01-07T17:00,2006-01-07T18:00,1,l,0
CFR,2006-01-07T18:00,2006-01-07T19:00,1,l,0
CFR,2006-01-07T19:00,2006-01-07T20:00,1,l,0
CFR,2006-01-07T20:00,2006-01-07T21:00,1,l,0
CLY,2006-01-07T05:00,2006-01-07T06:00,1,t,0
CLY,2006-01-07T06:00,2006-01-07T07:00,1,t,0
CLY,2006-01-07T07:00,2006-01-07T08:00,1,t,0
CLY,2006-01-07T08:00,2006-01-07T09:00,1,t,0
CLY,2006-01-07T09:00,2006-01-07T10:00,1,t,4000
CLY,2006-01-07T10:00,2006-01-07T11:00,1,t,0
CLY,2006-01-07T11:00,2006-01-07T12:00,1,t,0
CLY,2006-01-07T12:00,2006-01-07T13:00,1,t,0
CLY,2006-01-07T13:00,2006-01-07T14:00,1,t,0
CLY,2006-01-07T14:00,2006-01-07T15:00,1,t,0
CLY,2006-01-07T15:00,2006-01-07T16:00,1,t,0
CLY,2006-01-07T16:00,2006-01-07T17:00,1,t,0
CLY,2006-01-07T17:00,2006-01-07T18:00,1,t,0
CLY,2006-01-07T18:00,2006-01-07T19:00,1,t,0
CLY,2006-01-07T19:00,2006-01-07T20:00,1,t,0
CLY,2006-01-07T20:00,2006-01-07T21:00,1,t,0
CLY,2006-01-07T05:00,2006-01-07T06:00,1,l,0
CLY,2006-01-07T06:00,2006-01-07T07:00,1,l,0
CLY,2006-01-07T07:00,2006-01-07T08:00,1,l,0
CLY,2006-01-07T08:00,2006-01-07T09:00,1,l,0
CLY,2006-01-07T09:00,2006-01-07T10:00,1,l,4000
CLY,2006-01-07T10:00,2006-01-07T11:00,1,l,0
CLY,2006-01-07T11:00,2006-01-07T12:00,1,l,0
CLY,2006-01-07T12:00,2006-01-07T13:00,1,l,0
CLY,2006-01-07T13:00,2006-01-07T14:00,1,l,0
CLY,2006-01-07T14:00,2006-01-07T15:00,1,l,0
CLY,2006-01-07T15:00,2006-01-07T16:00,1,l,0
CLY,2006-01-07T16:00,2006-01-07T17:00,1,l,0
CLY,2006-01-07T17:00,2006-01-07T18:00,1,l,0
CLY,2006-01-07T18:00,2006-01-07T19:00,1,l,0
CLY,2006-01-07T19:00,2006-01-07T20:00,1,l,0
CLY,2006-01-07T20:00,2006-01-07T21:00,1,l,0
ETZ,2006-01-07T05:00,2006-01-07T06:00,1,t,0
ETZ,2006-01-07T06:00,2006-01-07T07:00,1,t,0
ETZ,2006-01-07T07:00,2006-01-07T08:00,1,t,0
ETZ,2006-01-07T08:00,2006-01-07T09:00,1,t,0
ETZ,2006-01-07T09:00,2006-01-07T10:00,1,t,0
ETZ,2006-01-07T10:00,2006-01-07T11:00,1,t,0
ETZ,2006-01-07T11:00,2006-01-07T12:00,1,t,0
ETZ,2006-01-07T12:00,2006-01-07T13:00,1,t,0
ETZ,2006-01-07T13:00,2006-01-07T14:00,1,t,0
ETZ,2006-01-07T14:00,2006-01-07T15:00,1,t,0
ETZ,2006-01-07T15:00,2006-01-07T16:00,1,t,0
ETZ,2006-01-07T16:00,2006-01-07T17:00,1,t,0
ETZ,2006-01-07T17:00,2006-01-07T18:00,1,t,0
ETZ,2006-01-07T18:00,2006-01-07T19:00,1,t,1000
ETZ,2006-01-07T19:00,2006-01-07T20:00,1,t,0
ETZ,2006-01-07T20:00,2006-01-07T21:00,1,t,0
ETZ,2006-01-07T21:00,2006-01-07T22:00,1,t,0
ETZ,2006-01-07T22:00,2006-01-07T23:00,1,t,0
ETZ,2006-01-07T23:00,2006-01-08T00:00,1,t,0
ETZ,2006-01-07T05:00,2006-01-07T06:00,1,l,0
ETZ,2006-01-07T06:00,2006-01-07T07:00,1,l,0
ETZ,2006-01-07T07:00,2006-01-07T08:00,1,l,0
ETZ,2006-01-07T08:00,2006-01-07T09:00,1,l,0
ETZ,2006-01-07T09:00,2006-01-07T10:00,1,l,0
ETZ,2006-01-07T10:00,2006-01-07T11:00,1,l,0
ETZ,2006-01-07T11:00,2006-01-07T12:00,1,l,0
ETZ,2006-01-07T12:00,2006-01-07T13:00,1,l,0
ETZ,2006-01-07T13:00,2006-01-07T14:00,1,l,1000
ETZ,2006-01-07T14:00,2006-01-07T15:00,1,l,0
ETZ,2006-01-07T15:00,2006-01-07T16:00,1,l,0
ETZ,2006-01-07T16:00,2006-01-07T17:00,1,l,0
ETZ,2006-01-07T17:00,2006-01-07T18:00,1,l,0
ETZ,2006-01-07T18:00,2006-01-07T19:00,1,l,0
ETZ,2006-01-07T19:00,2006-01-07T20:00,1,l,0
ETZ,2006-01-07T20:00,2006-01-07T21:00,1,l,0
ETZ,2006-01-07T21:00,2006-01-07T22:00,1,l,0
ETZ,2006-01-07T22:00,2006-01-07T23:00,1,l,0
ETZ,2006-01-07T23:00,2006-01-08T00:00,1,l,0
FSC,2006-01-07T05:00,2006-01-07T06:00,1,t,0
FSC,2006-01-07T06:00,2006-01-07T07:00,1,t,0
FSC,2006-01-07T07:00,2006-01-07T08:00,1,t,0
FSC,2006-01-07T08:00,2006-01-07T09:00,1,t,0
FSC,2006-01-07T09:00,2006-01-07T10:00,1,t,0
FSC,2006-01-07T10:00,2006-01-07T11:00,1,t,0
FSC,2006-01-07T11:00,2006-01-07T12:00,1,t,0
FSC,2006-01-07T12:00,2006-01-07T13:00,0,t,0
FSC,2006-01-07T13:00,2006-01-07T14:00,1,t,0
FSC,2006-01-07T14:00,2006-01-07T15:00,1,t,0
FSC,2006-01-07T15:00,2006-01-07T16:00,1,t,0
FSC,2006-01-07T16:00,2006-01-07T17:00,1,t,4000
FSC,2006-01-07T17:00,2006-01-07T18:00,1,t,0
FSC,2006-01-07T18:00,2006-01-07T19:00,1,t,0
FSC,2006-01-07T19:00,2006-01-07T20:00,1,t,0
FSC,2006-01-07T20:00,2006-01-07T21:00,1,t,0
FSC,2006-01-07T21:00,2006-01-07T22:00,1,t,0
FSC,2006-01-07T22:00,2006-01-07T23:00,1,t,0
FSC,2006-01-07T23:00,2006-01-08T00:00,1,t,0
FSC,2006-01-07T05:00,2006-01-07T06:00,1,l,0
FSC,2006-01-07T06:00,2006-01-07T07:00,1,l,0
FSC,2006-01-07T07:00,2006-01-07T08:00,1,l,0
FSC,2006-01-07T08:00,2006-01-07T09:00,1,l,9000
FSC,2006-01-07T09:00,2006-01-07T10:00,1,l,0
FSC,2006-01-07T10:00,2006-01-07T11:00,1,l,0
FSC,2006-01-07T11:00,2006-01-07T12:00,1,l,0
FSC,2006-01-07T12:00,2006-01-07T13:00,1,l,0
FSC,2006-01-07T13:00,2006-01-07T14:00,1,l,0
FSC,2006-01-07T14:00,2006-01-07T15:00,1,l,0
FSC,2006-01-07T15:00,2006-01-07T16:00,1,l,0
FSC,2006-01-07T16:00,2006-01-07T17:00,1,l,0
FSC,2006-01-07T17:00,2006-01-07T18:00,1,l,0
FSC,2006-01-07T18:00,2006-01-07T19:00,1,l,0
FSC,2006-01-07T19:00,2006-01-07T20:00,1,l,8000
FSC,2006-01-07T20:00,2006-01-07T21:00,1,l,0
FSC,2006-01-07T21:00,2006-01-07T22:00,1,l,0
FSC,2006-01-07T22:00,2006-01-07T23:00,1,l,0
FSC,2006-01-07T23:00,2006-01-08T00:00,1,l,0
LDE,2006-01-07T05:00,2006-01-07T06:00,1,t,0
LDE,2006-01-07T06:00,2006-01-07T07:00,1,t,0
LDE,2006-01-07T07:00,2006-01-07T08:00,1,t,0
LDE,2006-01-07T08:00,2006-01-07T09:00,1,t,0
LDE,2006-01-07T09:00,2006-01-07T10:00,1,t,0
LDE,2006-01-07T10:00,2006-01-07T11:00,1,t,0
LDE,2006-01-07T11:00,2006-01-07T12:00,1,t,0
LDE,2006-01-07T12:00,2006-01-07T13:00,1,t,0
LDE,2006-01-07T13:00,2006-01-07T14:00,1,t,0
LDE,2006-01-07T14:00,2006-01-07T15:00,1,t,0
LDE,2006-01-07T15:00,2006-01-07T16:00,1,t,0
LDE,2006-01-07T16:00,2006-01-07T17:00,1,t,0
LDE,2006-01-07T17:00,2006-01-07T18:00,1,t,0
LDE,2006-01-07T18:00,2006-01-07T19:00,1,t,0
LDE,2006-01-07T19:00,2006-01-07T20:00,1,t,0
LDE,2006-01-07T20:00,2006-01-07T21:00,1,t,0
LDE,2006-01-07T05:00,2006-01-07T06:00,1,l,0
LDE,2006-01-07T06:00,2006-01-07T07:00,1,l,0
LDE,2006-01-07T07:00,2006-01-07T08:00,1,l,0
LDE,2006-01-07T08:00,2006-01-07T09:00,1,l,0
LDE,2006-01-07T09:00,2006-01-07T10:00,1,l,0
LDE,2006-01-07T10:00,2006-01-07T11:00,1,l,0
LDE,2006-01-07T11:00,2006-01-07T12:00,1,l,0
LDE,2006-01-07T12:00,2006-01-07T13:00,1,l,0
LDE,2006-01-07T13:00,2006-01-07T14:00,1,l,0
LDE,2006-01-07T14:00,2006-01-07T15:00,1,l,0
LDE,2006-01-07T15:00,2006-01-07T16:00,1,l,0
LDE,2006-01-07T16:00,2006-01-07T17:00,1,l,0
LDE,2006-01-07T17:00,2006-01-07T18:00,1,l,0
LDE,2006-01-07T18:00,2006-01-07T19:00,1,l,0
LDE,2006-01-07T19:00,2006-01-07T20:00,1,l,0
LDE,2006-01-07T20:00,2006-01-07T21:00,1,l,0
LEH,2006-01-07T05:00,2006-01-07T06:00,1,t,0
LEH,2006-01-07T06:00,2006-01-07T07:00,1,t,0
LEH,2006-01-07T07:00,2006-01-07T08:00,1,t,0
LEH,2006-01-07T08:00,2006-01-07T09:00,1,t,0
LEH,2006-01-07T09:00,2006-01-07T10:00,1,t,0
LEH,2006-01-07T10:00,2006-01-07T11:00,1,t,0
LEH,2006-01-07T11:00,2006-01-07T12:00,1,t,0
LEH,2006-01-07T12:00,2006-01-07T13:00,1,t,3000
LEH,2006-01-07T13:00,2006-01-07T14:00,1,t,0
LEH,2006-01-07T14:00,2006-01-07T15:00,1,t,0
LEH,2006-01-07T15:00,2006-01-07T16:00,1,t,0
LEH,2006-01-07T16:00,2006-01-07T17:00,1,t,8000
LEH,2006-01-07T17:00,2006-01-07T18:00,1,t,0
LEH,2006-01-07T18:00,2006-01-07T19:00,1,t,0
LEH,2006-01-07T19:00,2006-01-07T20:00,1,t,0
LEH,2006-01-07T20:00,2006-01-07T21:00,1,t,0
LEH,2006-01-07T21:00,2006-01-07T22:00,1,t,0
LEH,2006-01-07T22:00,2006-01-07T23:00,1,t,0
LEH,2006-01-07T23:00,2006-01-08T00:00,1,t,0
LEH,2006-01-07T05:00,2006-01-07T06:00,1,l,0
LEH,2006-01-07T06:00,2006-01-07T07:00,1,l,0
LEH,2006-01-07T07:00,2006-01-07T08:00,1,l,0
LEH,2006-01-07T08:00,2006-01-07T09:00,1,l,0
LEH,2006-01-07T09:00,2006-01-07T10:00,1,l,0
LEH,2006-01-07T10:00,2006-01-07T11:00,1,l,0
LEH,2006-01-07T11:00,2006-01-07T12:00,1,l,0
LEH,2006-01-07T12:00,2006-01-07T13:00,1,l,0
LEH,2006-01-07T13:00,2006-01-07T14:00,1,l,2000
LEH,2006-01-07T14:00,2006-01-07T15:00,1,l,0
LEH,2006-01-07T15:00,2006-01-07T16:00,1,l,0
LEH,2006-01-07T16:00,2006-01-07T17:00,1,l,0
LEH,2006-01-07T17:00,2006-01-07T18:00,1,l,0
LEH,2006-01-07T18:00,2006-01-07T19:00,1,l,0
LEH,2006-01-07T19:00,2006-01-07T20:00,1,l,0
LEH,2006-01-07T20:00,2006-01-07T21:00,1,l,0
LEH,2006-01-07T21:00,2006-01-07T22:00,1,l,0
LEH,2006-01-07T22:00,2006-01-07T23:00,1,l,0
LEH,2006-01-07T23:00,2006-01-08T00:00,1,l,0
LGW,2006-01-07T00:00,2006-01-07T01:00,1,t,0
LGW,2006-01-07T01:00,2006-01-07T02:00,1,t,0
LGW,2006-01-07T02:00,2006-01-07T03:00,1,t,8000
LGW,2006-01-07T03:00,2006-01-07T04:00,1,t,0
LGW,2006-01-07T04:00,2006-01-07T05:00,1,t,0
LGW,2006-01-07T05:00,2006-01-07T06:00,1,t,0
LGW,2006-01-07T06:00,2006-01-07T07:00,1,t,0
LGW,2006-01-07T00:00,2006-01-07T01:00,1,l,0
LGW,2006-01-07T01:00,2006-01-07T02:00,1,l,0
LGW,2006-01-07T02:00,2006-01-07T03:00,1,l,0
LGW,2006-01-07T03:00,2006-01-07T04:00,1,l,3000
LGW,2006-01-07T04:00,2006-01-07T05:00,1,l,0
LGW,2006-01-07T05:00,2006-01-07T06:00,1,l,0
LGW,2006-01-07T06:00,2006-01-07T07:00,1,l,0
LGW,2006-01-07T07:00,2006-01-07T08:00,2,t,0
LGW,2006-01-07T08:00,2006-01-07T09:00,2,t,0
LGW,2006-01-07T07:00,2006-01-07T08:00,2,l,0
LGW,2006-01-07T08:00,2006-01-07T09:00,2,l,0
LGW,2006-01-07T09:00,2006-01-07T10:00,1,t,0
LGW,2006-01-07T10:00,2006-01-07T11:00,1,t,0
LGW,2006-01-07T11:00,2006-01-07T12:00,1,t,0
LGW,2006-01-07T12:00,2006-01-07T13:00,1,t,0
LGW,2006-01-07T13:00,2006-01-07T14:00,1,t,0
LGW,2006-01-07T14:00,2006-01-07T15:00,1,t,2000
LGW,2006-01-07T15:00,2006-01-07T16:00,1,t,0
LGW,2006-01-07T16:00,2006-01-07T17:00,1,t,0
LGW,2006-01-07T17:00,2006-01-07T18:00,1,t,0
LGW,2006-01-07T18:00,2006-01-07T19:00,1,t,0
LGW,2006-01-07T19:00,2006-01-07T20:00,1,t,0
LGW,2006-01-07T20:00,2006-01-07T21:00,1,t,0
LGW,2006-01-07T21:00,2006-01-07T22:00,1,t,0
LGW,2006-01-07T22:00,2006-01-07T23:00,1,t,1000
LGW,2006-01-07T23:00,2006-01-08T00:00,1,t,0
LGW,2006-01-07T09:00,2006-01-07T10:00,1,l,0
LGW,2006-01-07T10:00,2006-01-07T11:00,1,l,0
LGW,2006-01-07T11:00,2006-01-07T12:00,1,l,0
LGW,2006-01-07T12:00,2006-01-07T13:00,1,l,9000
LGW,2006-01-07T13:00,2006-01-07T14:00,1,l,0
LGW,2006-01-07T14:00,2006-01-07T15:00,1,l,0
LGW,2006-01-07T15:00,2006-01-07T16:00,1,l,0
LGW,2006-01-07T16:00,2006-01-07T17:00,1,l,0
LGW,2006-01-07T17:00,2006-01-07T18:00,1,l,0
LGW,2006-01-07T18:00,2006-01-07T19:00,1,l,0
LGW,2006-01-07T19:00,2006-01-07T20:00,1,l,0
LGW,2006-01-07T20:00,2006-01-07T21:00,1,l,0
LGW,2006-01-07T21:00,2006-01-07T22:00,1,l,0
LGW,2006-01-07T22:00,2006-01-07T23:00,1,l,0
LGW,2006-01-07T23:00,2006-01-08T00:00,1,l,0
LIG,2006-01-07T05:00,2006-01-07T06:00,2,t,0
LIG,2006-01-07T06:00,2006-01-07T07:00,2,t,0
LIG,2006-01-07T05:00,2006-01-07T06:00,1,l,0
LIG,2006-01-07T06:00,2006-01-07T07:00,1,l,0
LIG,2006-01-07T07:00,2006-01-07T08:00,1,t,0
LIG,2006-01-07T08:00,2006-01-07T09:00,1,t,0
LIG,2006-01-07T09:00,2006-01-07T10:00,1,t,0
LIG,2006-01-07T10:00,2006-01-07T11:00,1,t,0
LIG,2006-01-07T11:00,2006-01-07T12:00,1,t,0
LIG,2006-01-07T12:00,2006-01-07T13:00,1,t,0
LIG,2006-01-07T13:00,2006-01-07T14:00,1,t,0
LIG,2006-01-07T14:00,2006-01-07T15:00,1,t,0
LIG,2006-01-07T15:00,2006-01-07T16:00,1,t,0
LIG,2006-01-07T16:00,2006-01-07T17:00,1,t,4000
LIG,2006-01-07T17:00,2006-01-07T18:00,1,t,0
LIG,2006-01-07T18:00,2006-01-07T19:00,1,t,0
LIG,2006-01-07T19:00,2006-01-07T20:00,1,t,0
LIG,2006-01-07T20:00,2006-01-07T21:00,1,t,0
LIG,2006-01-07T21:00,2006-01-07T22:00,1,t,0
LIG,2006-01-07T22:00,2006-01-07T23:00,1,t,0
LIG,2006-01-07T23:00,2006-01-08T00:00,1,t,0
LIG,2006-01-07T07:00,2006-01-07T08:00,1,l,0
LIG,2006-01-07T08:00,2006-01-07T09:00,1,l,3000
LIG,2006-01-07T09:00,2006-01-07T10:00,1,l,0
LIG,2006-01-07T10:00,2006-01-07T11:00,1,l,0
LIG,2006-01-07T11:00,2006-01-07T12:00,1,l,0
LIG,2006-01-07T12:00,2006-01-07T13:00,1,l,0
LIG,2006-01-07T13:00,2006-01-07T14:00,1,l,0
LIG,2006-01-07T14:00,2006-01-07T15:00,1,l,0
LIG,2006-01-07T15:00,2006-01-07T16:00,1,l,0
LIG,2006-01-07T16:00,2006-01-07T17:00,1,l,0
LIG,2006-01-07T17:00,2006-01-07T18:00,1,l,0
LIG,2006-01-07T18:00,2006-01-07T19:00,1,l,0
LIG,2006-01-07T19:00,2006-01-07T20:00,1,l,0
LIG,2006-01-07T20:00,2006-01-07T21:00,1,l,2000
LIG,2006-01-07T21:00,2006-01-07T22:00,1,l,0
LIG,2006-01-07T22:00,2006-01-07T23:00,1,l,0
LIG,2006-01-07T23:00,2006-01-08T00:00,1,l,0
LIL,2006-01-07T00:00,2006-01-07T01:00,1,t,0
LIL,2006-01-07T01:00,2006-01-07T02:00,1,t,0
LIL,2006-01-07T02:00,2006-01-07T03:00,1,t,0
LIL,2006-01-07T03:00,2006-01-07T04:00,1,t,2000
LIL,2006-01-07T04:00,2006-01-07T05:00,1,t,0
LIL,2006-01-07T05:00,2006-01-07T06:00,1,t,0
LIL,2006-01-07T06:00,2006-01-07T07:00,1,t,0
LIL,2006-01-07T07:00,2006-01-07T08:00,1,t,0
LIL,2006-01-07T08:00,2006-01-07T09:00,1,t,0
LIL,2006-01-07T09:00,2006-01-07T10:00,1,t,0
LIL,2006-01-07T10:00,2006-01-07T11:00,1,t,0
LIL,2006-01-07T11:00,2006-01-07T12:00,1,t,2000
LIL,2006-01-07T12:00,2006-01-07T13:00,1,t,0
LIL,2006-01-07T13:00,2006-01-07T14:00,1,t,0
LIL,2006-01-07T14:00,2006-01-07T15:00,1,t,0
LIL,2006-01-07T15:00,2006-01-07T16:00,1,t,1000
LIL,2006-01-07T16:00,2006-01-07T17:00,1,t,0
LIL,2006-01-07T17:00,2006-01-07T18:00,1,t,0
LIL,2006-01-07T18:00,2006-01-07T19:00,1,t,0
LIL,2006-01-07T19:00,2006-01-07T20:00,1,t,0
LIL,2006-01-07T20:00,2006-01-07T21:00,1,t,0
LIL,2006-01-07T21:00,2006-01-07T22:00,1,t,0
LIL,2006-01-07T22:00,2006-01-07T23:00,1,t,0
LIL,2006-01-07T23:00,2006-01-08T00:00,1,t,0
LIL,2006-01-07T00:00,2006-01-07T01:00,1,l,0
LIL,2006-01-07T01:00,2006-01-07T02:00,1,l,0
LIL,2006-01-07T02:00,2006-01-07T03:00,1,l,8000
LIL,2006-01-07T03:00,2006-01-07T04:00,1,l,0
LIL,2006-01-07T04:00,2006-01-07T05:00,1,l,0
LIL,2006-01-07T05:00,2006-01-07T06:00,1,l,0
LIL,2006-01-07T06:00,2006-01-07T07:00,1,l,0
LIL,2006-01-07T07:00,2006-01-07T08:00,1,l,0
LIL,2006-01-07T08:00,2006-01-07T09:00,1,l,0
LIL,2006-01-07T09:00,2006-01-07T10:00,1,l,0
LIL,2006-01-07T10:00,2006-01-07T11:00,1,l,2000
LIL,2006-01-07T11:00,2006-01-07T12:00,1,l,0
LIL,2006-01-07T12:00,2006-01-07T13:00,1,l,0
LIL,2006-01-07T13:00,2006-01-07T14:00,1,l,0
LIL,2006-01-07T14:00,2006-01-07T15:00,1,l,0
LIL,2006-01-07T15:00,2006-01-07T16:00,1,l,0
LIL,2006-01-07T16:00,2006-01-07T17:00,1,l,0
LIL,2006-01-07T17:00,2006-01-07T18:00,1,l,0
LIL,2006-01-07T18:00,2006-01-07T19:00,2,l,0
LIL,2006-01-07T19:00,2006-01-07T20:00,1,l,0
LIL,2006-01-07T20:00,2006-01-07T21:00,1,l,0
LIL,2006-01-07T21:00,2006-01-07T22:00,1,l,0
LIL,2006-01-07T22:00,2006-01-07T23:00,1,l,0
LIL,2006-01-07T23:00,2006-01-08T00:00,1,l,9000
LRT,2006-01-07T05:00,2006-01-07T06:00,1,t,0
LRT,2006-01-07T06:00,2006-01-07T07:00,1,t,0
LRT,2006-01-07T07:00,2006-01-07T08:00,1,t,0
LRT,2006-01-07T08:00,2006-01-07T09:00,1,t,0
LRT,2006-01-07T09:00,2006-01-07T10:00,1,t,0
LRT,2006-01-07T10:00,2006-01-07T11:00,1,t,0
LRT,2006-01-07T11:00,2006-01-07T12:00,1,t,0
LRT,2006-01-07T12:00,2006-01-07T13:00,1,t,0
LRT,2006-01-07T05:00,2006-01-07T06:00,1,l,0
LRT,2006-01-07T06:00,2006-01-07T07:00,1,l,0
LRT,2006-01-07T07:00,2006-01-07T08:00,1,l,0
LRT,2006-01-07T08:00,2006-01-07T09:00,1,l,0
LRT,2006-01-07T09:00,2006-01-07T10:00,1,l,0
LRT,2006-01-07T10:00,2006-01-07T11:00,1,l,0
LRT,2006-01-07T11:00,2006-01-07T12:00,1,l,0
LRT,2006-01-07T12:00,2006-01-07T13:00,1,l,0
LRT,2006-01-07T13:00,2006-01-07T14:00,2,t,0
LRT,2006-01-07T14:00,2006-01-07T15:00,2,t,0
LRT,2006-01-07T13:00,2006-01-07T14:00,2,l,0
LRT,2006-01-07T14:00,2006-01-07T15:00,2,l,7000
LRT,2006-01-07T15:00,2006-01-07T16:00,1,t,0
LRT,2006-01-07T16:00,2006-01-07T17:00,1,t,0
LRT,2006-01-07T17:00,2006-01-07T18:00,1,t,0
LRT,2006-01-07T18:00,2006-01-07T19:00,1,t,0
LRT,2006-01-07T19:00,2006-01-07T20:00,1,t,0
LRT,2006-01-07T20:00,2006-01-07T21:00,1,t,0
LRT,2006-01-07T15:00,2006-01-07T16:00,1,l,0
LRT,2006-01-07T16:00,2006-01-07T17:00,1,l,0
LRT,2006-01-07T17:00,2006-01-07T18:00,2,l,0
LRT,2006-01-07T18:00,2006-01-07T19:00,1,l,0
LRT,2006-01-07T19:00,2006-01-07T20:00,1,l,0
LRT,2006-01-07T20:00,2006-01-07T21:00,1,l,0
LYS,2006-01-07T00:00,2006-01-07T01:00,2,t,0
LYS,2006-01-07T01:00,2006-01-07T02:00,2,t,0
LYS,2006-01-07T02:00,2006-01-07T03:00,2,t,0
LYS,2006-01-07T03:00,2006-01-07T04:00,2,t,0
LYS,2006-01-07T04:00,2006-01-07T05:00,2,t,0
LYS,2006-01-07T05:00,2006-01-07T06:00,2,t,0
LYS,2006-01-07T00:00,2006-01-07T01:00,2,l,2000
LYS,2006-01-07T01:00,2006-01-07T02:00,2,l,0
LYS,2006-01-07T02:00,2006-01-07T03:00,2,l,0
LYS,2006-01-07T03:00,2006-01-07T04:00,2,l,0
LYS,2006-01-07T04:00,2006-01-07T05:00,2,l,0
LYS,2006-01-07T05:00,2006-01-07T06:00,2,l,0
LYS,2006-01-07T06:00,2006-01-07T07:00,10,t,0
LYS,2006-01-07T07:00,2006-01-07T08:00,10,t,0
LYS,2006-01-07T06:00,2006-01-07T07:00,8,l,0
LYS,2006-01-07T07:00,2006-01-07T08:00,8,l,0
LYS,2006-01-07T08:00,2006-01-07T09:00,4,t,0
LYS,2006-01-07T09:00,2006-01-07T10:00,4,t,0
LYS,2006-01-07T10:00,2006-01-07T11:00,4,t,0
LYS,2006-01-07T08:00,2006-01-07T09:00,3,l,8000
LYS,2006-01-07T09:00,2006-01-07T10:00,3,l,0
LYS,2006-01-07T10:00,2006-01-07T11:00,3,l,0
LYS,2006-01-07T11:00,2006-01-07T12:00,3,t,0
LYS,2006-01-07T12:00,2006-01-07T13:00,3,t,0
LYS,2006-01-07T11:00,2006-01-07T12:00,2,l,0
LYS,2006-01-07T12:00,2006-01-07T13:00,2,l,0
LYS,2006-01-07T13:00,2006-01-07T14:00,4,t,0
LYS,2006-01-07T14:00,2006-01-07T15:00,4,t,0
LYS,2006-01-07T13:00,2006-01-07T14:00,6,l,0
LYS,2006-01-07T14:00,2006-01-07T15:00,6,l,7000
LYS,2006-01-07T15:00,2006-01-07T16:00,6,t,0
LYS,2006-01-07T16:00,2006-01-07T17:00,6,t,0
LYS,2006-01-07T15:00,2006-01-07T16:00,2,l,0
LYS,2006-01-07T16:00,2006-01-07T17:00,2,l,0
LYS,2006-01-07T17:00,2006-01-07T18:00,2,t,2000
LYS,2006-01-07T18:00,2006-01-07T19:00,2,t,0
LYS,2006-01-07T19:00,2006-01-07T20:00,2,t,0
LYS,2006-01-07T17:00,2006-01-07T18:00,3,l,0
LYS,2006-01-07T18:00,2006-01-07T19:00,3,l,0
LYS,2006-01-07T19:00,2006-01-07T20:00,3,l,0
LYS,2006-01-07T20:00,2006-01-07T21:00,2,t,0
LYS,2006-01-07T21:00,2006-01-07T22:00,2,t,0
LYS,2006-01-07T22:00,2006-01-07T23:00,2,t,0
LYS,2006-01-07T23:00,2006-01-08T00:00,2,t,0
LYS,2006-01-07T20:00,2006-01-07T21:00,2,l,8000
LYS,2006-01-07T21:00,2006-01-07T22:00,2,l,0
LYS,2006-01-07T22:00,2006-01-07T23:00,2,l,0
LYS,2006-01-07T23:00,2006-01-08T00:00,2,l,0
MLH,2006-01-07T00:00,2006-01-07T01:00,1,t,0
MLH,2006-01-07T01:00,2006-01-07T02:00,1,t,0
MLH,2006-01-07T02:00,2006-01-07T03:00,1,t,0
MLH,2006-01-07T03:00,2006-01-07T04:00,1,t,0
MLH,2006-01-07T04:00,2006-01-07T05:00,1,t,0
MLH,2006-01-07T05:00,2006-01-07T06:00,1,t,0
MLH,2006-01-07T06:00,2006-01-07T07:00,1,t,0
MLH,2006-01-07T07:00,2006-01-07T08:00,1,t,0
MLH,2006-01-07T08:00,2006-01-07T09:00,1,t,0
MLH,2006-01-07T00:00,2006-01-07T01:00,1,l,0
MLH,2006-01-07T01:00,2006-01-07T02:00,1,l,0
MLH,2006-01-07T02:00,2006-01-07T03:00,1,l,0
MLH,2006-01-07T03:00,2006-01-07T04:00,1,l,0
MLH,2006-01-07T04:00,2006-01-07T05:00,1,l,0
MLH,2006-01-07T05:00,2006-01-07T06:00,1,l,0
MLH,2006-01-07T06:00,2006-01-07T07:00,1,l,0
MLH,2006-01-07T07:00,2006-01-07T08:00,1,l,0
MLH,2006-01-07T08:00,2006-01-07T09:00,1,l,4000
MLH,2006-01-07T09:00,2006-01-07T10:00,2,t,0
MLH,2006-01-07T10:00,2006-01-07T11:00,2,t,0
MLH,2006-01-07T11:00,2006-01-07T12:00,2,t,0
MLH,2006-01-07T12:00,2006-01-07T13:00,2,t,0
MLH,2006-01-07T13:00,2006-01-07T14:00,2,t,0
MLH,2006-01-07T14:00,2006-01-07T15:00,2,t,0
MLH,2006-01-07T09:00,2006-01-07T10:00,2,l,0
MLH,2006-01-07T10:00,2006-01-07T11:00,2,l,0
MLH,2006-01-07T11:00,2006-01-07T12:00,2,l,0
MLH,2006-01-07T12:00,2006-01-07T13:00,2,l,9000
MLH,2006-01-07T13:00,2006-01-07T14:00,2,l,0
MLH,2006-01-07T14:00,2006-01-07T15:00,2,l,0
MLH,2006-01-07T15:00,2006-01-07T16:00,1,t,0
MLH,2006-01-07T16:00,2006-01-07T17:00,1,t,0
MLH,2006-01-07T17:00,2006-01-07T18:00,1,t,0
MLH,2006-01-07T18:00,2006-01-07T19:00,1,t,0
MLH,2006-01-07T19:00,2006-01-07T20:00,1,t,0
MLH,2006-01-07T20:00,2006-01-07T21:00,1,t,0
MLH,2006-01-07T21:00,2006-01-07T22:00,1,t,0
MLH,2006-01-07T22:00,2006-01-07T23:00,1,t,0
MLH,2006-01-07T23:00,2006-01-08T00:00,1,t,0
MLH,2006-01-07T15:00,2006-01-07T16:00,1,l,0
MLH,2006-01-07T16:00,2006-01-07T17:00,1,l,0
MLH,2006-01-07T17:00,2006-01-07T18:00,1,l,0
MLH,2006-01-07T18:00,2006-01-07T19:00,1,l,0
MLH,2006-01-07T19:00,2006-01-07T20:00,1,l,0
MLH,2006-01-07T20:00,2006-01-07T21:00,1,l,3000
MLH,2006-01-07T21:00,2006-01-07T22:00,1,l,0
MLH,2006-01-07T22:00,2006-01-07T23:00,1,l,0
MLH,2006-01-07T23:00,2006-01-08T00:00,1,l,0
MPL,2006-01-07T00:00,2006-01-07T01:00,1,t,0
MPL,2006-01-07T01:00,2006-01-07T02:00,1,t,0
MPL,2006-01-07T02:00,2006-01-07T03:00,1,t,0
MPL,2006-01-07T03:00,2006-01-07T04:00,1,t,0
MPL,2006-01-07T04:00,2006-01-07T05:00,1,t,0
MPL,2006-01-07T00:00,2006-01-07T01:00,1,l,0
MPL,2006-01-07T01:00,2006-01-07T02:00,1,l,0
MPL,2006-01-07T02:00,2006-01-07T03:00,1,l,0
MPL,2006-01-07T03:00,2006-01-07T04:00,1,l,0
MPL,2006-01-07T04:00,2006-01-07T05:00,1,l,0
MPL,2006-01-07T05:00,2006-01-07T06:00,2,t,0
MPL,2006-01-07T06:00,2006-01-07T07:00,2,t,0
MPL,2006-01-07T05:00,2006-01-07T06:00,1,l,0
MPL,2006-01-07T06:00,2006-01-07T07:00,1,l,0
MPL,2006-01-07T07:00,2006-01-07T08:00,1,t,0
MPL,2006-01-07T08:00,2006-01-07T09:00,1,t,0
MPL,2006-01-07T07:00,2006-01-07T08:00,1,l,6000
MPL,2006-01-07T08:00,2006-01-07T09:00,1,l,0
MPL,2006-01-07T09:00,2006-01-07T10:00,2,t,4000
MPL,2006-01-07T10:00,2006-01-07T11:00,2,t,0
MPL,2006-01-07T09:00,2006-01-07T10:00,2,l,0
MPL,2006-01-07T10:00,2006-01-07T11:00,2,l,0
MPL,2006-01-07T11:00,2006-01-07T12:00,4,t,0
MPL,2006-01-07T12:00,2006-01-07T13:00,4,t,9000
MPL,2006-01-07T11:00,2006-01-07T12:00,3,l,0
MPL,2006-01-07T12:00,2006-01-07T13:00,3,l,0
MPL,2006-01-07T13:00,2006-01-07T14:00,1,t,3000
MPL,2006-01-07T14:00,2006-01-07T15:00,1,t,0
MPL,2006-01-07T15:00,2006-01-07T16:00,1,t,0
MPL,2006-01-07T16:00,2006-01-07T17:00,1,t,0
MPL,2006-01-07T17:00,2006-01-07T18:00,1,t,0
MPL,2006-01-07T18:00,2006-01-07T19:00,1,t,0
MPL,2006-01-07T13:00,2006-01-07T14:00,1,l,0
MPL,2006-01-07T14:00,2006-01-07T15:00,1,l,0
MPL,2006-01-07T15:00,2006-01-07T16:00,1,l,1000
MPL,2006-01-07T16:00,2006-01-07T17:00,1,l,0
MPL,2006-01-07T17:00,2006-01-07T18:00,1,l,0
MPL,2006-01-07T18:00,2006-01-07T19:00,1,l,0
MPL,2006-01-07T19:00,2006-01-07T20:00,1,t,4000
MPL,2006-01-07T20:00,2006-01-07T21:00,1,t,0
MPL,2006-01-07T21:00,2006-01-07T22:00,1,t,6000
MPL,2006-01-07T19:00,2006-01-07T20:00,2,l,0
MPL,2006-01-07T20:00,2006-01-07T21:00,2,l,0
MPL,2006-01-07T21:00,2006-01-07T22:00,2,l,0
MPL,2006-01-07T22:00,2006-01-07T23:00,1,t,1000
MPL,2006-01-07T23:00,2006-01-08T00:00,1,t,0
MPL,2006-01-07T22:00,2006-01-07T23:00,1,l,0
MPL,2006-01-07T23:00,2006-01-08T00:00,1,l,0
MRS,2006-01-07T00:00,2006-01-07T01:00,1,t,0
MRS,2006-01-07T01:00,2006-01-07T02:00,1,t,0
MRS,2006-01-07T02:00,2006-01-07T03:00,1,t,0
MRS,2006-01-07T03:00,2006-01-07T04:00,1,t,0
MRS,2006-01-07T04:00,2006-01-07T05:00,1,t,0
MRS,2006-01-07T00:00,2006-01-07T01:00,1,l,0
MRS,2006-01-07T01:00,2006-01-07T02:00,1,l,0
MRS,2006-01-07T02:00,2006-01-07T03:00,1,l,0
MRS,2006-01-07T03:00,2006-01-07T04:00,1,l,0
MRS,2006-01-07T04:00,2006-01-07T05:00,1,l,0
MRS,2006-01-07T05:00,2006-01-07T06:00,3,t,0
MRS,2006-01-07T06:00,2006-01-07T07:00,3,t,9000
MRS,2006-01-07T05:00,2006-01-07T06:00,1,l,0
MRS,2006-01-07T06:00,2006-01-07T07:00,1,l,0
MRS,2006-01-07T07:00,2006-01-07T08:00,1,t,0
MRS,2006-01-07T08:00,2006-01-07T09:00,1,t,0
MRS,2006-01-07T07:00,2006-01-07T08:00,3,l,0
MRS,2006-01-07T08:00,2006-01-07T09:00,3,l,6000
MRS,2006-01-07T09:00,2006-01-07T10:00,4,t,0
MRS,2006-01-07T10:00,2006-01-07T11:00,4,t,0
MRS,2006-01-07T11:00,2006-01-07T12:00,4,t,0
MRS,2006-01-07T12:00,2006-01-07T13:00,4,t,0
MRS,2006-01-07T13:00,2006-01-07T14:00,4,t,0
MRS,2006-01-07T14:00,2006-01-07T15:00,4,t,0
MRS,2006-01-07T09:00,2006-01-07T10:00,4,l,0
MRS,2006-01-07T10:00,2006-01-07T11:00,4,l,8000
MRS,2006-01-07T11:00,2006-01-07T12:00,4,l,0
MRS,2006-01-07T12:00,2006-01-07T13:00,4,l,0
MRS,2006-01-07T13:00,2006-01-07T14:00,4,l,0
MRS,2006-01-07T14:00,2006-01-07T15:00,4,l,3000
MRS,2006-01-07T15:00,2006-01-07T16:00,4,t,0
MRS,2006-01-07T16:00,2006-01-07T17:00,4,t,0
MRS,2006-01-07T15:00,2006-01-07T16:00,3,l,0
MRS,2006-01-07T16:00,2006-01-07T17:00,3,l,0
MRS,2006-01-07T17:00,2006-01-07T18:00,2,t,0
MRS,2006-01-07T18:00,2006-01-07T19:00,1,t,0
MRS,2006-01-07T19:00,2006-01-07T20:00,2,t,0
MRS,2006-01-07T17:00,2006-01-07T18:00,3,l,0
MRS,2006-01-07T18:00,2006-01-07T19:00,3,l,0
MRS,2006-01-07T19:00,2006-01-07T20:00,3,l,0
MRS,2006-01-07T20:00,2006-01-07T21:00,1,t,0
MRS,2006-01-07T21:00,2006-01-07T22:00,1,t,0
MRS,2006-01-07T20:00,2006-01-07T21:00,3,l,0
MRS,2006-01-07T21:00,2006-01-07T22:00,3,l,0
MRS,2006-01-07T22:00,2006-01-07T23:00,1,t,7000
MRS,2006-01-07T23:00,2006-01-08T00:00,1,t,0
MRS,2006-01-07T22:00,2006-01-07T23:00,1,l,0
MRS,2006-01-07T23:00,2006-01-08T00:00,1,l,0
NCE,2006-01-07T00:00,2006-01-07T01:00,1,t,0
NCE,2006-01-07T01:00,2006-01-07T02:00,1,t,0
NCE,2006-01-07T02:00,2006-01-07T03:00,1,t,0
NCE,2006-01-07T03:00,2006-01-07T04:00,1,t,0
NCE,2006-01-07T04:00,2006-01-07T05:00,1,t,0
NCE,2006-01-07T00:00,2006-01-07T01:00,1,l,8000
NCE,2006-01-07T01:00,2006-01-07T02:00,1,l,0
NCE,2006-01-07T02:00,2006-01-07T03:00,1,l,0
NCE,2006-01-07T03:00,2006-01-07T04:00,1,l,6000
NCE,2006-01-07T04:00,2006-01-07T05:00,1,l,0
NCE,2006-01-07T05:00,2006-01-07T06:00,4,t,0
NCE,2006-01-07T06:00,2006-01-07T07:00,4,t,0
NCE,2006-01-07T05:00,2006-01-07T06:00,1,l,0
NCE,2006-01-07T06:00,2006-01-07T07:00,1,l,0
NCE,2006-01-07T07:00,2006-01-07T08:00,2,t,6000
NCE,2006-01-07T08:00,2006-01-07T09:00,2,t,0
NCE,2006-01-07T07:00,2006-01-07T08:00,4,l,0
NCE,2006-01-07T08:00,2006-01-07T09:00,4,l,0
NCE,2006-01-07T09:00,2006-01-07T10:00,4,t,0
NCE,2006-01-07T10:00,2006-01-07T11:00,4,t,0
NCE,2006-01-07T09:00,2006-01-07T10:00,4,l,0
NCE,2006-01-07T10:00,2006-01-07T11:00,4,l,0
NCE,2006-01-07T11:00,2006-01-07T12:00,5,t,0
NCE,2006-01-07T12:00,2006-01-07T13:00,5,t,0
NCE,2006-01-07T13:00,2006-01-07T14:00,5,t,0
NCE,2006-01-07T11:00,2006-01-07T12:00,5,l,0
NCE,2006-01-07T12:00,2006-01-07T13:00,5,l,0
NCE,2006-01-07T13:00,2006-01-07T14:00,5,l,0
NCE,2006-01-07T14:00,2006-01-07T15:00,3,t,0
NCE,2006-01-07T15:00,2006-01-07T16:00,3,t,0
NCE,2006-01-07T14:00,2006-01-07T15:00,3,l,6000
NCE,2006-01-07T15:00,2006-01-07T16:00,3,l,0
NCE,2006-01-07T16:00,2006-01-07T17:00,4,t,3000
NCE,2006-01-07T17:00,2006-01-07T18:00,4,t,0
NCE,2006-01-07T16:00,2006-01-07T17:00,6,l,7000
NCE,2006-01-07T17:00,2006-01-07T18:00,6,l,0
NCE,2006-01-07T18:00,2006-01-07T19:00,3,t,0
NCE,2006-01-07T19:00,2006-01-07T20:00,3,t,0
NCE,2006-01-07T18:00,2006-01-07T19:00,2,l,0
NCE,2006-01-07T19:00,2006-01-07T20:00,2,l,5000
NCE,2006-01-07T20:00,2006-01-07T21:00,1,t,0
NCE,2006-01-07T21:00,2006-01-07T22:00,1,t,2000
NCE,2006-01-07T20:00,2006-01-07T21:00,3,l,0
NCE,2006-01-07T21:00,2006-01-07T22:00,3,l,0
NCE,2006-01-07T22:00,2006-01-07T23:00,1,t,0
NCE,2006-01-07T23:00,2006-01-08T00:00,1,t,9000
NCE,2006-01-07T22:00,2006-01-07T23:00,1,l,0
NCE,2006-01-07T23:00,2006-01-08T00:00,1,l,0
NTE,2006-01-07T00:00,2006-01-07T01:00,1,t,0
NTE,2006-01-07T01:00,2006-01-07T02:00,1,t,0
NTE,2006-01-07T02:00,2006-01-07T03:00,1,t,0
NTE,2006-01-07T03:00,2006-01-07T04:00,1,t,0
NTE,2006-01-07T04:00,2006-01-07T05:00,1,t,4000
NTE,2006-01-07T00:00,2006-01-07T01:00,1,l,0
NTE,2006-01-07T01:00,2006-01-07T02:00,1,l,0
NTE,2006-01-07T02:00,2006-01-07T03:00,1,l,0
NTE,2006-01-07T03:00,2006-01-07T04:00,1,l,0
NTE,2006-01-07T04:00,2006-01-07T05:00,1,l,0
NTE,2006-01-07T05:00,2006-01-07T06:00,2,t,0
NTE,2006-01-07T06:00,2006-01-07T07:00,2,t,0
NTE,2006-01-07T05:00,2006-01-07T06:00,1,l,0
NTE,2006-01-07T06:00,2006-01-07T07:00,1,l,0
NTE,2006-01-07T07:00,2006-01-07T08:00,3,t,0
NTE,2006-01-07T08:00,2006-01-07T09:00,3,t,0
NTE,2006-01-07T07:00,2006-01-07T08:00,1,l,0
NTE,2006-01-07T08:00,2006-01-07T09:00,1,l,0
NTE,2006-01-07T09:00,2006-01-07T10:00,5,t,0
NTE,2006-01-07T10:00,2006-01-07T11:00,5,t,4000
NTE,2006-01-07T09:00,2006-01-07T10:00,4,l,0
NTE,2006-01-07T10:00,2006-01-07T11:00,4,l,0
NTE,2006-01-07T11:00,2006-01-07T12:00,3,t,0
NTE,2006-01-07T12:00,2006-01-07T13:00,3,t,3000
NTE,2006-01-07T13:00,2006-01-07T14:00,3,t,0
NTE,2006-01-07T14:00,2006-01-07T15:00,3,t,0
NTE,2006-01-07T11:00,2006-01-07T12:00,3,l,0
NTE,2006-01-07T12:00,2006-01-07T13:00,3,l,0
NTE,2006-01-07T13:00,2006-01-07T14:00,3,l,0
NTE,2006-01-07T14:00,2006-01-07T15:00,3,l,0
NTE,2006-01-07T15:00,2006-01-07T16:00,2,t,0
NTE,2006-01-07T16:00,2006-01-07T17:00,2,t,0
NTE,2006-01-07T15:00,2006-01-07T16:00,1,l,0
NTE,2006-01-07T16:00,2006-01-07T17:00,1,l,0
NTE,2006-01-07T17:00,2006-01-07T18:00,1,t,0
NTE,2006-01-07T18:00,2006-01-07T19:00,1,t,8000
NTE,2006-01-07T19:00,2006-01-07T20:00,1,t,0
NTE,2006-01-07T20:00,2006-01-07T21:00,1,t,2000
NTE,2006-01-07T21:00,2006-01-07T22:00,1,t,0
NTE,2006-01-07T17:00,2006-01-07T18:00,2,l,0
NTE,2006-01-07T18:00,2006-01-07T19:00,2,l,0
NTE,2006-01-07T19:00,2006-01-07T20:00,2,l,5000
NTE,2006-01-07T20:00,2006-01-07T21:00,2,l,0
NTE,2006-01-07T21:00,2006-01-07T22:00,2,l,0
NTE,2006-01-07T22:00,2006-01-07T23:00,1,t,0
NTE,2006-01-07T23:00,2006-01-08T00:00,1,t,0
NTE,2006-01-07T22:00,2006-01-07T23:00,1,l,4000
NTE,2006-01-07T23:00,2006-01-08T00:00,1,l,0
ORY,2006-01-07T00:00,2006-01-07T01:00,4,t,0
ORY,2006-01-07T01:00,2006-01-07T02:00,4,t,0
ORY,2006-01-07T02:00,2006-01-07T03:00,4,t,0
ORY,2006-01-07T03:00,2006-01-07T04:00,4,t,0
ORY,2006-01-07T04:00,2006-01-07T05:00,4,t,0
ORY,2006-01-07T05:00,2006-01-07T06:00,4,t,0
ORY,2006-01-07T00:00,2006-01-07T01:00,4,l,0
ORY,2006-01-07T01:00,2006-01-07T02:00,4,l,0
ORY,2006-01-07T02:00,2006-01-07T03:00,4,l,0
ORY,2006-01-07T03:00,2006-01-07T04:00,4,l,0
ORY,2006-01-07T04:00,2006-01-07T05:00,4,l,0
ORY,2006-01-07T05:00,2006-01-07T06:00,4,l,0
ORY,2006-01-07T06:00,2006-01-07T07:00,15,t,0
ORY,2006-01-07T07:00,2006-01-07T08:00,15,t,5000
ORY,2006-01-07T06:00,2006-01-07T07:00,15,l,0
ORY,2006-01-07T07:00,2006-01-07T08:00,15,l,0
ORY,2006-01-07T08:00,2006-01-07T09:00,17,t,2000
ORY,2006-01-07T09:00,2006-01-07T10:00,17,t,0
ORY,2006-01-07T10:00,2006-01-07T11:00,17,t,0
ORY,2006-01-07T08:00,2006-01-07T09:00,12,l,0
ORY,2006-01-07T09:00,2006-01-07T10:00,12,l,0
ORY,2006-01-07T10:00,2006-01-07T11:00,12,l,0
ORY,2006-01-07T11:00,2006-01-07T12:00,15,t,0
ORY,2006-01-07T12:00,2006-01-07T13:00,15,t,5000
ORY,2006-01-07T11:00,2006-01-07T12:00,15,l,0
ORY,2006-01-07T12:00,2006-01-07T13:00,15,l,0
ORY,2006-01-07T13:00,2006-01-07T14:00,12,t,0
ORY,2006-01-07T14:00,2006-01-07T15:00,12,t,0
ORY,2006-01-07T15:00,2006-01-07T16:00,12,t,0
ORY,2006-01-07T13:00,2006-01-07T14:00,15,l,0
ORY,2006-01-07T14:00,2006-01-07T15:00,14,l,0
ORY,2006-01-07T15:00,2006-01-07T16:00,16,l,0
ORY,2006-01-07T16:00,2006-01-07T17:00,15,t,0
ORY,2006-01-07T17:00,2006-01-07T18:00,13,t,0
ORY,2006-01-07T18:00,2006-01-07T19:00,14,t,0
ORY,2006-01-07T19:00,2006-01-07T20:00,14,t,0
ORY,2006-01-07T16:00,2006-01-07T17:00,12,l,0
ORY,2006-01-07T17:00,2006-01-07T18:00,12,l,0
ORY,2006-01-07T18:00,2006-01-07T19:00,12,l,0
ORY,2006-01-07T19:00,2006-01-07T20:00,11,l,0
ORY,2006-01-07T20:00,2006-01-07T21:00,12,t,0
ORY,2006-01-07T21:00,2006-01-07T22:00,12,t,0
ORY,2006-01-07T20:00,2006-01-07T21:00,7,l,0
ORY,2006-01-07T21:00,2006-01-07T22:00,8,l,0
ORY,2006-01-07T22:00,2006-01-07T23:00,4,t,0
ORY,2006-01-07T23:00,2006-01-08T00:00,4,t,0
ORY,2006-01-07T22:00,2006-01-07T23:00,4,l,0
ORY,2006-01-07T23:00,2006-01-08T00:00,4,l,0
PGF,2006-01-07T05:00,2006-01-07T06:00,1,t,0
PGF,2006-01-07T06:00,2006-01-07T07:00,1,t,0
PGF,2006-01-07T07:00,2006-01-07T08:00,1,t,0
PGF,2006-01-07T08:00,2006-01-07T09:00,1,t,8000
PGF,2006-01-07T09:00,2006-01-07T10:00,1,t,6000
PGF,2006-01-07T10:00,2006-01-07T11:00,1,t,0
PGF,2006-01-07T11:00,2006-01-07T12:00,1,t,0
PGF,2006-01-07T12:00,2006-01-07T13:00,1,t,0
PGF,2006-01-07T13:00,2006-01-07T14:00,1,t,0
PGF,2006-01-07T14:00,2006-01-07T15:00,1,t,0
PGF,2006-01-07T15:00,2006-01-07T16:00,1,t,0
PGF,2006-01-07T16:00,2006-01-07T17:00,1,t,0
PGF,2006-01-07T17:00,2006-01-07T18:00,1,t,0
PGF,2006-01-07T18:00,2006-01-07T19:00,1,t,0
PGF,2006-01-07T19:00,2006-01-07T20:00,1,t,0
PGF,2006-01-07T20:00,2006-01-07T21:00,1,t,2000
PGF,2006-01-07T21:00,2006-01-07T22:00,1,t,0
PGF,2006-01-07T22:00,2006-01-07T23:00,1,t,0
PGF,2006-01-07T23:00,2006-01-08T00:00,1,t,0
PGF,2006-01-07T05:00,2006-01-07T06:00,1,l,0
PGF,2006-01-07T06:00,2006-01-07T07:00,1,l,0
PGF,2006-01-07T07:00,2006-01-07T08:00,1,l,0
PGF,2006-01-07T08:00,2006-01-07T09:00,1,l,0
PGF,2006-01-07T09:00,2006-01-07T10:00,1,l,0
PGF,2006-01-07T10:00,2006-01-07T11:00,1,l,0
PGF,2006-01-07T11:00,2006-01-07T12:00,1,l,0
PGF,2006-01-07T12:00,2006-01-07T13:00,1,l,4000
PGF,2006-01-07T13:00,2006-01-07T14:00,1,l,0
PGF,2006-01-07T14:00,2006-01-07T15:00,1,l,0
PGF,2006-01-07T15:00,2006-01-07T16:00,1,l,0
PGF,2006-01-07T16:00,2006-01-07T17:00,1,l,2000
PGF,2006-01-07T17:00,2006-01-07T18:00,1,l,0
PGF,2006-01-07T18:00,2006-01-07T19:00,1,l,0
PGF,2006-01-07T19:00,2006-01-07T20:00,1,l,0
PGF,2006-01-07T20:00,2006-01-07T21:00,1,l,0
PGF,2006-01-07T21:00,2006-01-07T22:00,1,l,0
PGF,2006-01-07T22:00,2006-01-07T23:00,1,l,0
PGF,2006-01-07T23:00,2006-01-08T00:00,1,l,0
PUF,2006-01-07T00:00,2006-01-07T01:00,1,t,0
PUF,2006-01-07T01:00,2006-01-07T02:00,1,t,0
PUF,2006-01-07T02:00,2006-01-07T03:00,1,t,0
PUF,2006-01-07T03:00,2006-01-07T04:00,1,t,0
PUF,2006-01-07T04:00,2006-01-07T05:00,1,t,7000
PUF,2006-01-07T00:00,2006-01-07T01:00,1,l,0
PUF,2006-01-07T01:00,2006-01-07T02:00,1,l,0
PUF,2006-01-07T02:00,2006-01-07T03:00,1,l,0
PUF,2006-01-07T03:00,2006-01-07T04:00,1,l,7000
PUF,2006-01-07T04:00,2006-01-07T05:00,1,l,0
PUF,2006-01-07T05:00,2006-01-07T06:00,2,t,3000
PUF,2006-01-07T06:00,2006-01-07T07:00,2,t,9000
PUF,2006-01-07T05:00,2006-01-07T06:00,1,l,0
PUF,2006-01-07T06:00,2006-01-07T07:00,1,l,0
PUF,2006-01-07T07:00,2006-01-07T08:00,1,t,0
PUF,2006-01-07T08:00,2006-01-07T09:00,1,t,0
PUF,2006-01-07T07:00,2006-01-07T08:00,1,l,0
PUF,2006-01-07T08:00,2006-01-07T09:00,1,l,0
PUF,2006-01-07T09:00,2006-01-07T10:00,2,t,0
PUF,2006-01-07T10:00,2006-01-07T11:00,2,t,0
PUF,2006-01-07T09:00,2006-01-07T10:00,2,l,0
PUF,2006-01-07T10:00,2006-01-07T11:00,2,l,0
PUF,2006-01-07T11:00,2006-01-07T12:00,1,t,3000
PUF,2006-01-07T12:00,2006-01-07T13:00,1,t,0
PUF,2006-01-07T13:00,2006-01-07T14:00,1,t,0
PUF,2006-01-07T14:00,2006-01-07T15:00,1,t,0
PUF,2006-01-07T15:00,2006-01-07T16:00,1,t,0
PUF,2006-01-07T16:00,2006-01-07T17:00,1,t,0
PUF,2006-01-07T17:00,2006-01-07T18:00,1,t,0
PUF,2006-01-07T11:00,2006-01-07T12:00,1,l,0
PUF,2006-01-07T12:00,2006-01-07T13:00,1,l,0
PUF,2006-01-07T13:00,2006-01-07T14:00,1,l,0
PUF,2006-01-07T14:00,2006-01-07T15:00,1,l,0
PUF,2006-01-07T15:00,2006-01-07T16:00,1,l,7000
PUF,2006-01-07T16:00,2006-01-07T17:00,1,l,0
PUF,2006-01-07T17:00,2006-01-07T18:00,1,l,0
PUF,2006-01-07T18:00,2006-01-07T19:00,2,t,6000
PUF,2006-01-07T19:00,2006-01-07T20:00,2,t,0
PUF,2006-01-07T20:00,2006-01-07T21:00,2,t,0
PUF,2006-01-07T21:00,2006-01-07T22:00,2,t,0
PUF,2006-01-07T22:00,2006-01-07T23:00,2,t,0
PUF,2006-01-07T23:00,2006-01-08T00:00,2,t,0
PUF,2006-01-07T18:00,2006-01-07T19:00,2,l,2000
PUF,2006-01-07T19:00,2006-01-07T20:00,2,l,4000
PUF,2006-01-07T20:00,2006-01-07T21:00,2,l,9000
PUF,2006-01-07T21:00,2006-01-07T22:00,2,l,0
PUF,2006-01-07T22:00,2006-01-07T23:00,2,l,0
PUF,2006-01-07T23:00,2006-01-08T00:00,2,l,0
RDZ,2006-01-07T05:00,2006-01-07T06:00,1,t,0
RDZ,2006-01-07T06:00,2006-01-07T07:00,1,t,0
RDZ,2006-01-07T07:00,2006-01-07T08:00,1,t,0
RDZ,2006-01-07T08:00,2006-01-07T09:00,1,t,0
RDZ,2006-01-07T09:00,2006-01-07T10:00,1,t,0
RDZ,2006-01-07T10:00,2006-01-07T11:00,1,t,3000
RDZ,2006-01-07T11:00,2006-01-07T12:00,1,t,0
RDZ,2006-01-07T12:00,2006-01-07T13:00,1,t,0
RDZ,2006-01-07T13:00,2006-01-07T14:00,1,t,0
RDZ,2006-01-07T14:00,2006-01-07T15:00,1,t,0
RDZ,2006-01-07T15:00,2006-01-07T16:00,1,t,0
RDZ,2006-01-07T16:00,2006-01-07T17:00,1,t,0
RDZ,2006-01-07T17:00,2006-01-07T18:00,1,t,0
RDZ,2006-01-07T18:00,2006-01-07T19:00,1,t,0
RDZ,2006-01-07T19:00,2006-01-07T20:00,1,t,0
RDZ,2006-01-07T20:00,2006-01-07T21:00,1,t,0
RDZ,2006-01-07T05:00,2006-01-07T06:00,1,l,0
RDZ,2006-01-07T06:00,2006-01-07T07:00,1,l,4000
RDZ,2006-01-07T07:00,2006-01-07T08:00,1,l,0
RDZ,2006-01-07T08:00,2006-01-07T09:00,1,l,0
RDZ,2006-01-07T09:00,2006-01-07T10:00,1,l,0
RDZ,2006-01-07T10:00,2006-01-07T11:00,1,l,0
RDZ,2006-01-07T11:00,2006-01-07T12:00,1,l,0
RDZ,2006-01-07T12:00,2006-01-07T13:00,1,l,0
RDZ,2006-01-07T13:00,2006-01-07T14:00,1,l,0
RDZ,2006-01-07T14:00,2006-01-07T15:00,1,l,0
RDZ,2006-01-07T15:00,2006-01-07T16:00,1,l,0
RDZ,2006-01-07T16:00,2006-01-07T17:00,1,l,6000
RDZ,2006-01-07T17:00,2006-01-07T18:00,1,l,0
RDZ,2006-01-07T18:00,2006-01-07T19:00,1,l,6000
RDZ,2006-01-07T19:00,2006-01-07T20:00,1,l,0
RDZ,2006-01-07T20:00,2006-01-07T21:00,1,l,0
RNS,2006-01-07T00:00,2006-01-07T01:00,1,t,0
RNS,2006-01-07T01:00,2006-01-07T02:00,1,t,0
RNS,2006-01-07T02:00,2006-01-07T03:00,1,t,0
RNS,2006-01-07T03:00,2006-01-07T04:00,1,t,0
RNS,2006-01-07T04:00,2006-01-07T05:00,1,t,0
RNS,2006-01-07T00:00,2006-01-07T01:00,1,l,0
RNS,2006-01-07T01:00,2006-01-07T02:00,1,l,0
RNS,2006-01-07T02:00,2006-01-07T03:00,1,l,0
RNS,2006-01-07T03:00,2006-01-07T04:00,1,l,6000
RNS,2006-01-07T04:00,2006-01-07T05:00,1,l,0
RNS,2006-01-07T05:00,2006-01-07T06:00,2,t,8000
RNS,2006-01-07T06:00,2006-01-07T07:00,2,t,0
RNS,2006-01-07T05:00,2006-01-07T06:00,1,l,0
RNS,2006-01-07T06:00,2006-01-07T07:00,1,l,9000
RNS,2006-01-07T07:00,2006-01-07T08:00,1,t,0
RNS,2006-01-07T08:00,2006-01-07T09:00,1,t,3000
RNS,2006-01-07T07:00,2006-01-07T08:00,1,l,0
RNS,2006-01-07T08:00,2006-01-07T09:00,1,l,0
RNS,2006-01-07T09:00,2006-01-07T10:00,1,t,0
RNS,2006-01-07T10:00,2006-01-07T11:00,1,t,0
RNS,2006-01-07T09:00,2006-01-07T10:00,2,l,0
RNS,2006-01-07T10:00,2006-01-07T11:00,2,l,0
RNS,2006-01-07T11:00,2006-01-07T12:00,1,t,0
RNS,2006-01-07T12:00,2006-01-07T13:00,1,t,0
RNS,2006-01-07T11:00,2006-01-07T12:00,1,l,0
RNS,2006-01-07T12:00,2006-01-07T13:00,1,l,0
RNS,2006-01-07T13:00,2006-01-07T14:00,2,t,0
RNS,2006-01-07T14:00,2006-01-07T15:00,2,t,4000
RNS,2006-01-07T13:00,2006-01-07T14:00,2,l,0
RNS,2006-01-07T14:00,2006-01-07T15:00,2,l,0
RNS,2006-01-07T15:00,2006-01-07T16:00,1,t,0
RNS,2006-01-07T16:00,2006-01-07T17:00,1,t,0
RNS,2006-01-07T15:00,2006-01-07T16:00,2,l,0
RNS,2006-01-07T16:00,2006-01-07T17:00,2,l,0
RNS,2006-01-07T17:00,2006-01-07T18:00,2,t,0
RNS,2006-01-07T18:00,2006-01-07T19:00,2,t,0
RNS,2006-01-07T17:00,2006-01-07T18:00,2,l,0
RNS,2006-01-07T18:00,2006-01-07T19:00,2,l,0
RNS,2006-01-07T19:00,2006-01-07T20:00,1,t,0
RNS,2006-01-07T20:00,2006-01-07T21:00,1,t,0
RNS,2006-01-07T21:00,2006-01-07T22:00,1,t,0
RNS,2006-01-07T22:00,2006-01-07T23:00,1,t,0
RNS,2006-01-07T23:00,2006-01-08T00:00,1,t,0
RNS,2006-01-07T19:00,2006-01-07T20:00,1,l,0
RNS,2006-01-07T20:00,2006-01-07T21:00,1,l,0
RNS,2006-01-07T21:00,2006-01-07T22:00,1,l,0
RNS,2006-01-07T22:00,2006-01-07T23:00,1,l,0
RNS,2006-01-07T23:00,2006-01-08T00:00,1,l,0
SXB,2006-01-07T00:00,2006-01-07T01:00,1,t,0
SXB,2006-01-07T01:00,2006-01-07T02:00,1,t,0
SXB,2006-01-07T02:00,2006-01-07T03:00,1,t,0
SXB,2006-01-07T03:00,2006-01-07T04:00,1,t,0
SXB,2006-01-07T04:00,2006-01-07T05:00,1,t,0
SXB,2006-01-07T00:00,2006-01-07T01:00,1,l,0
SXB,2006-01-07T01:00,2006-01-07T02:00,1,l,0
SXB,2006-01-07T02:00,2006-01-07T03:00,1,l,0
SXB,2006-01-07T03:00,2006-01-07T04:00,1,l,0
SXB,2006-01-07T04:00,2006-01-07T05:00,1,l,0
SXB,2006-01-07T05:00,2006-01-07T06:00,2,t,0
SXB,2006-01-07T06:00,2006-01-07T07:00,2,t,0
SXB,2006-01-07T05:00,2006-01-07T06:00,1,l,0
SXB,2006-01-07T06:00,2006-01-07T07:00,1,l,0
SXB,2006-01-07T07:00,2006-01-07T08:00,1,t,0
SXB,2006-01-07T08:00,2006-01-07T09:00,1,t,0
SXB,2006-01-07T07:00,2006-01-07T08:00,2,l,0
SXB,2006-01-07T08:00,2006-01-07T09:00,2,l,0
SXB,2006-01-07T09:00,2006-01-07T10:00,3,t,0
SXB,2006-01-07T10:00,2006-01-07T11:00,3,t,0
SXB,2006-01-07T09:00,2006-01-07T10:00,3,l,0
SXB,2006-01-07T10:00,2006-01-07T11:00,3,l,0
SXB,2006-01-07T11:00,2006-01-07T12:00,2,t,0
SXB,2006-01-07T12:00,2006-01-07T13:00,2,t,9000
SXB,2006-01-07T13:00,2006-01-07T14:00,2,t,0
SXB,2006-01-07T11:00,2006-01-07T12:00,2,l,0
SXB,2006-01-07T12:00,2006-01-07T13:00,2,l,0
SXB,2006-01-07T13:00,2006-01-07T14:00,2,l,0
SXB,2006-01-07T14:00,2006-01-07T15:00,2,t,0
SXB,2006-01-07T15:00,2006-01-07T16:00,2,t,0
SXB,2006-01-07T14:00,2006-01-07T15:00,2,l,0
SXB,2006-01-07T15:00,2006-01-07T16:00,2,l,0
SXB,2006-01-07T16:00,2006-01-07T17:00,1,t,0
SXB,2006-01-07T17:00,2006-01-07T18:00,1,t,0
SXB,2006-01-07T16:00,2006-01-07T17:00,1,l,6000
SXB,2006-01-07T17:00,2006-01-07T18:00,1,l,0
SXB,2006-01-07T18:00,2006-01-07T19:00,1,t,0
SXB,2006-01-07T19:00,2006-01-07T20:00,1,t,0
SXB,2006-01-07T20:00,2006-01-07T21:00,1,t,0
SXB,2006-01-07T21:00,2006-01-07T22:00,1,t,0
SXB,2006-01-07T18:00,2006-01-07T19:00,2,l,0
SXB,2006-01-07T19:00,2006-01-07T20:00,2,l,0
SXB,2006-01-07T20:00,2006-01-07T21:00,2,l,0
SXB,2006-01-07T21:00,2006-01-07T22:00,2,l,0
SXB,2006-01-07T22:00,2006-01-07T23:00,1,t,0
SXB,2006-01-07T23:00,2006-01-08T00:00,1,t,0
SXB,2006-01-07T22:00,2006-01-07T23:00,1,l,0
SXB,2006-01-07T23:00,2006-01-08T00:00,1,l,0
TLN,2006-01-07T05:00,2006-01-07T06:00,1,t,3000
TLN,2006-01-07T06:00,2006-01-07T07:00,1,t,0
TLN,2006-01-07T07:00,2006-01-07T08:00,1,t,0
TLN,2006-01-07T08:00,2006-01-07T09:00,1,t,5000
TLN,2006-01-07T09:00,2006-01-07T10:00,1,t,0
TLN,2006-01-07T10:00,2006-01-07T11:00,1,t,0
TLN,2006-01-07T11:00,2006-01-07T12:00,1,t,0
TLN,2006-01-07T12:00,2006-01-07T13:00,1,t,0
TLN,2006-01-07T13:00,2006-01-07T14:00,1,t,5000
TLN,2006-01-07T14:00,2006-01-07T15:00,1,t,0
TLN,2006-01-07T15:00,2006-01-07T16:00,1,t,0
TLN,2006-01-07T16:00,2006-01-07T17:00,1,t,0
TLN,2006-01-07T17:00,2006-01-07T18:00,1,t,0
TLN,2006-01-07T18:00,2006-01-07T19:00,1,t,0
TLN,2006-01-07T19:00,2006-01-07T20:00,1,t,0
TLN,2006-01-07T20:00,2006-01-07T21:00,1,t,0
TLN,2006-01-07T21:00,2006-01-07T22:00,1,t,0
TLN,2006-01-07T22:00,2006-01-07T23:00,1,t,0
TLN,2006-01-07T23:00,2006-01-08T00:00,1,t,0
TLN,2006-01-07T05:00,2006-01-07T06:00,1,l,0
TLN,2006-01-07T06:00,2006-01-07T07:00,1,l,7000
TLN,2006-01-07T07:00,2006-01-07T08:00,1,l,0
TLN,2006-01-07T08:00,2006-01-07T09:00,1,l,0
TLN,2006-01-07T09:00,2006-01-07T10:00,1,l,0
TLN,2006-01-07T10:00,2006-01-07T11:00,1,l,0
TLN,2006-01-07T11:00,2006-01-07T12:00,1,l,0
TLN,2006-01-07T12:00,2006-01-07T13:00,1,l,0
TLN,2006-01-07T13:00,2006-01-07T14:00,1,l,0
TLN,2006-01-07T14:00,2006-01-07T15:00,1,l,1000
TLN,2006-01-07T15:00,2006-01-07T16:00,1,l,0
TLN,2006-01-07T16:00,2006-01-07T17:00,1,l,0
TLN,2006-01-07T17:00,2006-01-07T18:00,1,l,0
TLN,2006-01-07T18:00,2006-01-07T19:00,1,l,0
TLN,2006-01-07T19:00,2006-01-07T20:00,1,l,0
TLN,2006-01-07T20:00,2006-01-07T21:00,1,l,0
TLN,2006-01-07T21:00,2006-01-07T22:00,1,l,0
TLN,2006-01-07T22:00,2006-01-07T23:00,1,l,0
TLN,2006-01-07T23:00,2006-01-08T00:00,1,l,0
TLS,2006-01-07T00:00,2006-01-07T01:00,1,t,0
TLS,2006-01-07T01:00,2006-01-07T02:00,1,t,0
TLS,2006-01-07T02:00,2006-01-07T03:00,1,t,0
TLS,2006-01-07T03:00,2006-01-07T04:00,1,t,0
TLS,2006-01-07T04:00,2006-01-07T05:00,1,t,0
TLS,2006-01-07T00:00,2006-01-07T01:00,1,l,0
TLS,2006-01-07T01:00,2006-01-07T02:00,1,l,0
TLS,2006-01-07T02:00,2006-01-07T03:00,1,l,0
TLS,2006-01-07T03:00,2006-01-07T04:00,1,l,0
TLS,2006-01-07T04:00,2006-01-07T05:00,1,l,0
TLS,2006-01-07T05:00,2006-01-07T06:00,3,t,0
TLS,2006-01-07T06:00,2006-01-07T07:00,3,t,0
TLS,2006-01-07T05:00,2006-01-07T06:00,1,l,5000
TLS,2006-01-07T06:00,2006-01-07T07:00,1,l,0
TLS,2006-01-07T07:00,2006-01-07T08:00,6,t,0
TLS,2006-01-07T08:00,2006-01-07T09:00,6,t,0
TLS,2006-01-07T07:00,2006-01-07T08:00,4,l,0
TLS,2006-01-07T08:00,2006-01-07T09:00,4,l,0
TLS,2006-01-07T09:00,2006-01-07T10:00,4,t,0
TLS,2006-01-07T10:00,2006-01-07T11:00,4,t,0
TLS,2006-01-07T11:00,2006-01-07T12:00,4,t,0
TLS,2006-01-07T09:00,2006-01-07T10:00,4,l,0
TLS,2006-01-07T10:00,2006-01-07T11:00,4,l,0
TLS,2006-01-07T11:00,2006-01-07T12:00,4,l,0
TLS,2006-01-07T12:00,2006-01-07T13:00,6,t,0
TLS,2006-01-07T13:00,2006-01-07T14:00,6,t,0
TLS,2006-01-07T12:00,2006-01-07T13:00,2,l,0
TLS,2006-01-07T13:00,2006-01-07T14:00,2,l,0
TLS,2006-01-07T14:00,2006-01-07T15:00,4,t,0
TLS,2006-01-07T15:00,2006-01-07T16:00,4,t,0
TLS,2006-01-07T14:00,2006-01-07T15:00,2,l,0
TLS,2006-01-07T15:00,2006-01-07T16:00,2,l,0
TLS,2006-01-07T16:00,2006-01-07T17:00,4,t,0
TLS,2006-01-07T17:00,2006-01-07T18:00,4,t,1000
TLS,2006-01-07T16:00,2006-01-07T17:00,6,l,0
TLS,2006-01-07T17:00,2006-01-07T18:00,6,l,7000
TLS,2006-01-07T18:00,2006-01-07T19:00,2,t,0
TLS,2006-01-07T19:00,2006-01-07T20:00,2,t,0
TLS,2006-01-07T18:00,2006-01-07T19:00,3,l,4000
TLS,2006-01-07T19:00,2006-01-07T20:00,2,l,0
TLS,2006-01-07T20:00,2006-01-07T21:00,1,t,0
TLS,2006-01-07T21:00,2006-01-07T22:00,1,t,0
TLS,2006-01-07T22:00,2006-01-07T23:00,1,t,0
TLS,2006-01-07T23:00,2006-01-08T00:00,1,t,0
TLS,2006-01-07T20:00,2006-01-07T21:00,2,l,0
TLS,2006-01-07T21:00,2006-01-07T22:00,4,l,0
TLS,2006-01-07T22:00,2006-01-07T23:00,3,l,0
TLS,2006-01-07T23:00,2006-01-08T00:00,3,l,0
UIP,2006-01-07T05:00,2006-01-07T06:00,1,t,0
UIP,2006-01-07T06:00,2006-01-07T07:00,1,t,0
UIP,2006-01-07T07:00,2006-01-07T08:00,1,t,0
UIP,2006-01-07T08:00,2006-01-07T09:00,1,t,6000
UIP,2006-01-07T09:00,2006-01-07T10:00,1,t,0
UIP,2006-01-07T10:00,2006-01-07T11:00,1,t,0
UIP,2006-01-07T11:00,2006-01-07T12:00,1,t,0
UIP,2006-01-07T12:00,2006-01-07T13:00,1,t,0
UIP,2006-01-07T13:00,2006-01-07T14:00,1,t,0
UIP,2006-01-07T14:00,2006-01-07T15:00,1,t,0
UIP,2006-01-07T15:00,2006-01-07T16:00,1,t,0
UIP,2006-01-07T16:00,2006-01-07T17:00,1,t,7000
UIP,2006-01-07T17:00,2006-01-07T18:00,1,t,0
UIP,2006-01-07T18:00,2006-01-07T19:00,1,t,0
UIP,2006-01-07T19:00,2006-01-07T20:00,1,t,0
UIP,2006-01-07T20:00,2006-01-07T21:00,1,t,0
UIP,2006-01-07T05:00,2006-01-07T06:00,1,l,0
UIP,2006-01-07T06:00,2006-01-07T07:00,1,l,0
UIP,2006-01-07T07:00,2006-01-07T08:00,1,l,0
UIP,2006-01-07T08:00,2006-01-07T09:00,1,l,0
UIP,2006-01-07T09:00,2006-01-07T10:00,1,l,0
UIP,2006-01-07T10:00,2006-01-07T11:00,1,l,0
UIP,2006-01-07T11:00,2006-01-07T12:00,1,l,0
UIP,2006-01-07T12:00,2006-01-07T13:00,1,l,0
UIP,2006-01-07T13:00,2006-01-07T14:00,1,l,0
UIP,2006-01-07T14:00,2006-01-07T15:00,2,l,0
UIP,2006-01-07T15:00,2006-01-07T16:00,1,l,0
UIP,2006-01-07T16:00,2006-01-07T17:00,1,l,0
UIP,2006-01-07T17:00,2006-01-07T18:00,1,l,0
UIP,2006-01-07T18:00,2006-01-07T19:00,1,l,0
UIP,2006-01-07T19:00,2006-01-07T20:00,1,l,0
UIP,2006-01-07T20:00,2006-01-07T21:00,1,l,8000
URO,2006-01-07T05:00,2006-01-07T06:00,1,t,0
URO,2006-01-07T06:00,2006-01-07T07:00,1,t,0
URO,2006-01-07T07:00,2006-01-07T08:00,1,t,0
URO,2006-01-07T08:00,2006-01-07T09:00,1,t,0
URO,2006-01-07T09:00,2006-01-07T10:00,1,t,4000
URO,2006-01-07T10:00,2006-01-07T11:00,1,t,0
URO,2006-01-07T11:00,2006-01-07T12:00,1,t,0
URO,2006-01-07T12:00,2006-01-07T13:00,1,t,0
URO,2006-01-07T13:00,2006-01-07T14:00,1,t,0
URO,2006-01-07T14:00,2006-01-07T15:00,1,t,0
URO,2006-01-07T15:00,2006-01-07T16:00,1,t,0
URO,2006-01-07T16:00,2006-01-07T17:00,1,t,0
URO,2006-01-07T17:00,2006-01-07T18:00,1,t,0
URO,2006-01-07T18:00,2006-01-07T19:00,1,t,0
URO,2006-01-07T19:00,2006-01-07T20:00,1,t,0
URO,2006-01-07T20:00,2006-01-07T21:00,1,t,0
URO,2006-01-07T21:00,2006-01-07T22:00,1,t,0
URO,2006-01-07T22:00,2006-01-07T23:00,1,t,5000
URO,2006-01-07T23:00,2006-01-08T00:00,1,t,0
URO,2006-01-07T05:00,2006-01-07T06:00,1,l,0
URO,2006-01-07T06:00,2006-01-07T07:00,1,l,0
URO,2006-01-07T07:00,2006-01-07T08:00,1,l,0
URO,2006-01-07T08:00,2006-01-07T09:00,1,l,6000
URO,2006-01-07T09:00,2006-01-07T10:00,1,l,0
URO,2006-01-07T10:00,2006-01-07T11:00,1,l,0
URO,2006-01-07T11:00,2006-01-07T12:00,1,l,0
URO,2006-01-07T12:00,2006-01-07T13:00,1,l,0
URO,2006-01-07T13:00,2006-01-07T14:00,1,l,0
URO,2006-01-07T14:00,2006-01-07T15:00,1,l,0
URO,2006-01-07T15:00,2006-01-07T16:00,1,l,7000
URO,2006-01-07T16:00,2006-01-07T17:00,1,l,0
URO,2006-01-07T17:00,2006-01-07T18:00,1,l,0
URO,2006-01-07T18:00,2006-01-07T19:00,1,l,0
URO,2006-01-07T19:00,2006-01-07T20:00,1,l,5000
URO,2006-01-07T20:00,2006-01-07T21:00,1,l,4000
URO,2006-01-07T21:00,2006-01-07T22:00,1,l,0
URO,2006-01-07T22:00,2006-01-07T23:00,1,l,0
URO,2006-01-07T23:00,2006-01-08T00:00,1,l,0
