leg_id,flight_id,date,aircraft,from,to,start,finish,last_leg,fixed,crew_group_id
70004296,4296,2006-01-07,A318#1,CFE,ORY,2006-01-07T05:40,2006-01-07T06:35,,0,534011718
70004295,4295,2006-01-07,A318#1,ORY,CFE,2006-01-07T08:10,2006-01-07T09:05,,0,534011718
70004298,4298,2006-01-07,A318#1,CFE,ORY,2006-01-07T09:50,2006-01-07T10:45,,0,237820880
70004229,4229,2006-01-07,A318#1,ORY,BES,2006-01-07T11:15,2006-01-07T12:25,,0,237820880
70004232,4232,2006-01-07,A318#1,BES,ORY,2006-01-07T13:05,2006-01-07T14:20,,0,237820880
70004301,4301,2006-01-07,A318#1,ORY,CFE,2006-01-07T16:55,2006-01-07T17:50,,0,237820880
70004618,4618,2006-01-07,A318#2,ETZ,ORY,2006-01-07T07:00,2006-01-07T08:10,,0,1002897798
70004617,4617,2006-01-07,A318#2,ORY,ETZ,2006-01-07T08:40,2006-01-07T09:40,,0,1002897798
70004619,4619,2006-01-07,A318#2,ETZ,MRS,2006-01-07T14:30,2006-01-07T16:10,,0,1657007234
70004620,4620,2006-01-07,A318#2,MRS,ETZ,2006-01-07T18:50,2006-01-07T20:30,,0,1657007234
70002624,2624,2006-01-07,A318#3,NTE,MRS,2006-01-07T07:05,2006-01-07T08:25,,0,1412011072
70002623,2623,2006-01-07,A318#3,MRS,NTE,2006-01-07T09:00,2006-01-07T10:25,,0,1412011072
70002630,2630,2006-01-07,A318#3,NTE,MRS,2006-01-07T11:00,2006-01-07T12:20,,0,1412011072
70002629,2629,2006-01-07,A318#3,MRS,NTE,2006-01-07T12:55,2006-01-07T14:20,,0,1412011072
70003064,3064,2006-01-07,A318#4,NCE,ORY,2006-01-07T06:05,2006-01-07T07:30,,0,929393559
70003069,3069,2006-01-07,A318#4,ORY,NCE,2006-01-07T08:00,2006-01-07T09:20,,0,929393559
70003074,3074,2006-01-07,A318#4,NCE,ORY,2006-01-07T10:05,2006-01-07T11:30,,0,760389092
70003077,3077,2006-01-07,A318#4,ORY,NCE,2006-01-07T12:00,2006-01-07T13:20,,0,760389092
70003082,3082,2006-01-07,A318#4,NCE,ORY,2006-01-07T14:05,2006-01-07T15:30,,0,760389092
70003085,3085,2006-01-07,A318#4,ORY,NCE,2006-01-07T16:00,2006-01-07T17:20,,0,760389092
70003092,3092,2006-01-07,A318#4,NCE,ORY,2006-01-07T18:05,2006-01-07T19:30,,0,760389092
70003095,3095,2006-01-07,A318#4,ORY,NCE,2006-01-07T20:00,2006-01-07T21:20,,0,760389092
70003065,3065,2006-01-07,A318#5,ORY,NCE,2006-01-07T07:00,2006-01-07T08:20,,0,2026928803
70003070,3070,2006-01-07,A318#5,NCE,ORY,2006-01-07T09:05,2006-01-07T10:30,,0,2026928803
70003075,3075,2006-01-07,A318#5,ORY,NCE,2006-01-07T11:00,2006-01-07T12:20,,0,217468053
70003080,3080,2006-01-07,A318#5,NCE,ORY,2006-01-07T13:05,2006-01-07T14:30,,0,217468053
70003083,3083,2006-01-07,A318#5,ORY,NCE,2006-01-07T15:00,2006-01-07T16:20,,0,217468053
70003090,3090,2006-01-07,A318#5,NCE,ORY,2006-01-07T17:05,2006-01-07T18:30,,0,217468053
70003118,3118,2006-01-07,A318#6,BOD,ORY,2006-01-07T06:10,2006-01-07T07:20,,0,1379662799
70003119,3119,2006-01-07,A318#6,ORY,BOD,2006-01-07T08:10,2006-01-07T09:15,,0,1379662799
70003124,3124,2006-01-07,A318#6,BOD,ORY,2006-01-07T10:05,2006-01-07T11:15,,0,61497087
70003123,3123,2006-01-07,A318#6,ORY,BOD,2006-01-07T12:10,2006-01-07T13:15,,0,61497087
70003128,3128,2006-01-07,A318#6,BOD,ORY,2006-01-07T14:05,2006-01-07T15:15,,0,61497087
70003131,3131,2006-01-07,A318#6,ORY,BOD,2006-01-07T17:25,2006-01-07T18:30,,0,61497087
70004498,4498,2006-01-07,A318#7,BIQ,CDG,2006-01-07T06:15,2006-01-07T07:45,,0,532638534
70004515,4515,2006-01-07,A318#7,CDG,LYS,2006-01-07T08:35,2006-01-07T09:45,,0,532638534
70004506,4506,2006-01-07,A318#7,LYS,CDG,2006-01-07T12:40,2006-01-07T13:50,,0,532638534
70004519,4519,2006-01-07,A318#7,CDG,CFE,2006-01-07T14:25,2006-01-07T15:25,,0,532638534
70004520,4520,2006-01-07,A318#7,CFE,CDG,2006-01-07T16:05,2006-01-07T17:10,,0,532638534
70004499,4499,2006-01-07,A318#7,CDG,BIQ,2006-01-07T20:25,2006-01-07T21:50,,0,532638534
70003103,3103,2006-01-07,A318#8,ORY,NCE,2006-01-07T06:00,2006-01-07T07:20,,0,687431273
70003068,3068,2006-01-07,A318#8,NCE,ORY,2006-01-07T08:05,2006-01-07T09:30,,0,687431273
70003073,3073,2006-01-07,A318#8,ORY,NCE,2006-01-07T10:00,2006-01-07T11:20,,0,2125508764
70003088,3088,2006-01-07,A318#8,NCE,ORY,2006-01-07T12:05,2006-01-07T13:30,,0,2125508764
70003081,3081,2006-01-07,A318#8,ORY,NCE,2006-01-07T14:00,2006-01-07T15:20,,0,2125508764
70003102,3102,2006-01-07,A318#8,NCE,ORY,2006-01-07T16:05,2006-01-07T17:30,,0,2125508764
70004600,4600,2006-01-07,A319#1,BES,CDG,2006-01-07T05:25,2006-01-07T06:45,,0,1464848243
70004599,4599,2006-01-07,A319#1,CDG,BES,2006-01-07T09:30,2006-01-07T10:45,,0,1464848243
70004602,4602,2006-01-07,A319#1,BES,CDG,2006-01-07T12:15,2006-01-07T13:35,,0,1406361028
70004601,4601,2006-01-07,A319#1,CDG,BES,2006-01-07T14:45,2006-01-07T16:00,,0,1406361028
70004596,4596,2006-01-07,A319#1,BES,CDG,2006-01-07T17:00,2006-01-07T18:20,,0,1406361028
70004595,4595,2006-01-07,A319#1,CDG,BES,2006-01-07T20:00,2006-01-07T21:15,,0,1406361028
70004314,4314,2006-01-07,A319#2,PUF,ORY,2006-01-07T05:40,2006-01-07T07:00,,0,607156385
70004315,4315,2006-01-07,A319#2,ORY,PUF,2006-01-07T08:00,2006-01-07T09:15,,0,607156385
70004320,4320,2006-01-07,A319#2,PUF,ORY,2006-01-07T10:10,2006-01-07T11:30,,0,1321446349
70004317,4317,2006-01-07,A319#2,ORY,PUF,2006-01-07T12:05,2006-01-07T13:20,,0,1321446349
70004322,4322,2006-01-07,A319#2,PUF,ORY,2006-01-07T14:10,2006-01-07T15:30,,0,1321446349
70004319,4319,2006-01-07,A319#2,ORY,PUF,2006-01-07T16:20,2006-01-07T17:35,,0,1321446349
70004324,4324,2006-01-07,A319#2,PUF,ORY,2006-01-07T18:30,2006-01-07T19:50,,0,1321446349
70004321,4321,2006-01-07,A319#2,ORY,PUF,2006-01-07T20:25,2006-01-07T21:40,,0,1321446349
70004404,4404,2006-01-07,A319#3,MPL,ORY,2006-01-07T05:40,2006-01-07T07:05,,0,1512368656
70004405,4405,2006-01-07,A319#3,ORY,MPL,2006-01-07T07:45,2006-01-07T09:00,,0,1512368656
70004408,4408,2006-01-07,A319#3,MPL,ORY,2006-01-07T09:50,2006-01-07T11:10,,0,1507096884
70004411,4411,2006-01-07,A319#3,ORY,MPL,2006-01-07T12:15,2006-01-07T13:30,,0,1507096884
70004412,4412,2006-01-07,A319#3,MPL,ORY,2006-01-07T14:20,2006-01-07T15:40,,0,1507096884
70004415,4415,2006-01-07,A319#3,ORY,MPL,2006-01-07T16:15,2006-01-07T17:30,,0,1507096884
70004416,4416,2006-01-07,A319#3,MPL,ORY,2006-01-07T18:20,2006-01-07T19:40,,0,1507096884
70004421,4421,2006-01-07,A319#3,ORY,MPL,2006-01-07T20:15,2006-01-07T21:30,,0,1507096884
70004643,4643,2006-01-07,A319#4,CDG,TLS,2006-01-07T06:15,2006-01-07T07:40,,0,2039633683
70002972,2972,2006-01-07,A319#4,TLS,ORY,2006-01-07T09:10,2006-01-07T10:30,,0,2039633683
70004431,4431,2006-01-07,A319#4,ORY,AJA,2006-01-07T11:40,2006-01-07T13:20,,0,2039633683
70004432,4432,2006-01-07,A319#4,AJA,ORY,2006-01-07T14:35,2006-01-07T16:15,,0,2039633683
70004437,4437,2006-01-07,A319#4,ORY,AJA,2006-01-07T17:00,2006-01-07T18:40,,0,2039633683
70004434,4434,2006-01-07,A319#4,AJA,CDG,2006-01-07T19:30,2006-01-07T20:00,,0,2039633683
70004375,4375,2006-01-07,A319#5,ORY,TLN,2006-01-07T06:25,2006-01-07T07:50,,0,200550235
70004376,4376,2006-01-07,A319#5,TLN,ORY,2006-01-07T08:35,2006-01-07T10:05,,0,200550235
70003111,3111,2006-01-07,A319#5,ORY,NCE,2006-01-07T11:30,2006-01-07T12:50,,0,345545550
70003112,3112,2006-01-07,A319#5,NCE,ORY,2006-01-07T13:35,2006-01-07T15:00,,0,345545550
70004365,4365,2006-01-07,A319#5,ORY,TLN,2006-01-07T15:35,2006-01-07T16:55,,0,345545550
70004368,4368,2006-01-07,A319#5,TLN,ORY,2006-01-07T17:35,2006-01-07T19:00,,0,345545550
70004364,4364,2006-01-07,A319#6,TLN,ORY,2006-01-07T05:45,2006-01-07T07:10,,0,820276643
70004363,4363,2006-01-07,A319#6,ORY,TLN,2006-01-07T07:55,2006-01-07T09:15,,0,820276643
70004366,4366,2006-01-07,A319#6,TLN,ORY,2006-01-07T10:05,2006-01-07T11:30,,0,1713579631
70004369,4369,2006-01-07,A319#6,ORY,TLN,2006-01-07T12:30,2006-01-07T13:50,,0,1713579631
70004370,4370,2006-01-07,A319#6,TLN,ORY,2006-01-07T14:40,2006-01-07T16:05,,0,1713579631
70004371,4371,2006-01-07,A319#6,ORY,TLN,2006-01-07T17:55,2006-01-07T19:15,,0,1713579631
70004385,4385,2006-01-07,A319#7,ORY,PGF,2006-01-07T07:25,2006-01-07T08:45,,0,363927940
70004386,4386,2006-01-07,A319#7,PGF,ORY,2006-01-07T09:35,2006-01-07T11:00,,0,363927940
70004387,4387,2006-01-07,A319#7,ORY,PGF,2006-01-07T12:00,2006-01-07T13:20,,0,1704637349
70004388,4388,2006-01-07,A319#7,PGF,ORY,2006-01-07T14:05,2006-01-07T15:30,,0,1704637349
70004459,4459,2006-01-07,A319#7,ORY,BIA,2006-01-07T17:10,2006-01-07T18:45,,0,1704637349
70004454,4454,2006-01-07,A319#7,BIA,ORY,2006-01-07T19:35,2006-01-07T21:10,,0,1704637349
70004164,4164,2006-01-07,A319#8,SXB,ORY,2006-01-07T07:00,2006-01-07T08:00,,0,659767626
70002883,2883,2006-01-07,A319#8,ORY,MRS,2006-01-07T11:35,2006-01-07T12:50,,0,659767626
70002892,2892,2006-01-07,A319#8,MRS,ORY,2006-01-07T13:30,2006-01-07T14:50,,0,659767626
70002895,2895,2006-01-07,A319#8,ORY,MRS,2006-01-07T15:35,2006-01-07T16:50,,0,659767626
70002908,2908,2006-01-07,A319#8,MRS,ORY,2006-01-07T17:30,2006-01-07T18:50,,0,659767626
70004189,4189,2006-01-07,A319#8,ORY,SXB,2006-01-07T19:25,2006-01-07T20:25,,0,659767626
70004475,4475,2006-01-07,A319#9,ORY,CLY,2006-01-07T08:10,2006-01-07T09:45,,0,1767440095
70004476,4476,2006-01-07,A319#9,CLY,ORY,2006-01-07T10:45,2006-01-07T12:15,,0,1767440095
70003091,3091,2006-01-07,A319#9,ORY,NCE,2006-01-07T13:00,2006-01-07T14:20,,0,1903678842
70003084,3084,2006-01-07,A319#9,NCE,ORY,2006-01-07T15:05,2006-01-07T16:30,,0,1903678842
70003099,3099,2006-01-07,A319#9,ORY,NCE,2006-01-07T17:10,2006-01-07T18:30,,0,1903678842
70003094,3094,2006-01-07,A319#9,NCE,ORY,2006-01-07T19:25,2006-01-07T20:20,,0,1903678842
70004656,4656,2006-01-07,A319#10,TLS,CDG,2006-01-07T06:05,2006-01-07T07:35,,0,1194650126
70004645,4645,2006-01-07,A319#10,CDG,TLS,2006-01-07T09:30,2006-01-07T10:55,,0,1194650126
70004648,4648,2006-01-07,A319#10,TLS,CDG,2006-01-07T11:55,2006-01-07T13:25,,0,1539174560
70004649,4649,2006-01-07,A319#10,CDG,TLS,2006-01-07T15:00,2006-01-07T16:25,,0,1539174560
70004652,4652,2006-01-07,A319#10,TLS,CDG,2006-01-07T17:15,2006-01-07T18:45,,0,1539174560
70004655,4655,2006-01-07,A319#10,CDG,TLS,2006-01-07T19:25,2006-01-07T20:50,,0,1539174560
70003107,3107,2006-01-07,A319#11,ORY,NCE,2006-01-07T06:30,2006-01-07T07:50,,0,1501726364
70003108,3108,2006-01-07,A319#11,NCE,ORY,2006-01-07T08:35,2006-01-07T10:00,,0,1501726364
70003097,3097,2006-01-07,A319#11,ORY,NCE,2006-01-07T10:35,2006-01-07T11:55,,0,29236707
70003086,3086,2006-01-07,A319#11,NCE,ORY,2006-01-07T12:35,2006-01-07T14:00,,0,29236707
70003127,3127,2006-01-07,A319#11,ORY,BOD,2006-01-07T15:10,2006-01-07T16:15,,0,29236707
70003134,3134,2006-01-07,A319#11,BOD,ORY,2006-01-07T17:05,2006-01-07T18:15,,0,29236707
70004165,4165,2006-01-07,A319#12,ORY,SXB,2006-01-07T08:00,2006-01-07T09:00,,0,2130037697
70004170,4170,2006-01-07,A319#12,SXB,ORY,2006-01-07T10:10,2006-01-07T11:10,,0,2130037697
70004171,4171,2006-01-07,A319#12,ORY,SXB,2006-01-07T14:25,2006-01-07T15:25,,0,2130037697
70004180,4180,2006-01-07,A319#12,SXB,ORY,2006-01-07T17:00,2006-01-07T18:00,,0,2130037697
70003067,3067,2006-01-07,A319#13,ORY,NCE,2006-01-07T07:30,2006-01-07T08:50,,0,1731519511
70004784,4784,2006-01-07,A319#13,NCE,LIL,2006-01-07T10:00,2006-01-07T11:40,,0,1731519511
70004679,4679,2006-01-07,A319#13,LIL,LYS,2006-01-07T12:35,2006-01-07T13:50,,0,1731519511
70004678,4678,2006-01-07,A319#13,LYS,ORY,2006-01-07T14:45,2006-01-07T15:45,,0,1731519511
70003117,3117,2006-01-07,A319#14,ORY,BOD,2006-01-07T07:15,2006-01-07T08:20,,0,1844137836
70003144,3144,2006-01-07,A319#14,BOD,ORY,2006-01-07T09:10,2006-01-07T10:20,,0,1844137836
70002869,2869,2006-01-07,A319#14,ORY,MRS,2006-01-07T12:10,2006-01-07T13:25,,0,1844137836
70002878,2878,2006-01-07,A319#14,MRS,ORY,2006-01-07T14:55,2006-01-07T16:05,,0,1844137836
70004544,4544,2006-01-07,A319#15,MPL,CDG,2006-01-07T05:55,2006-01-07T07:25,,0,134224868
70004547,4547,2006-01-07,A319#15,CDG,MPL,2006-01-07T19:50,2006-01-07T21:15,,0,134224868
70004684,4684,2006-01-07,A319#16,MRS,LYS,2006-01-07T05:35,2006-01-07T06:35,,0,1104652174
70004685,4685,2006-01-07,A319#16,LYS,MRS,2006-01-07T07:30,2006-01-07T08:30,,0,1104652174
70004526,4526,2006-01-07,A319#16,MRS,CDG,2006-01-07T09:50,2006-01-07T11:20,,0,1127983490
70004533,4533,2006-01-07,A319#16,CDG,MRS,2006-01-07T20:20,2006-01-07T21:45,,0,1127983490
70004523,4523,2006-01-07,A319#17,CDG,MRS,2006-01-07T06:15,2006-01-07T07:40,,0,585887566
70004524,4524,2006-01-07,A319#17,MRS,CDG,2006-01-07T09:05,2006-01-07T10:35,,0,585887566
70004527,4527,2006-01-07,A319#17,CDG,MRS,2006-01-07T11:35,2006-01-07T13:00,,0,2134161410
70004530,4530,2006-01-07,A319#17,MRS,CDG,2006-01-07T15:20,2006-01-07T16:50,,0,2134161410
70004531,4531,2006-01-07,A319#17,CDG,MRS,2006-01-07T17:35,2006-01-07T19:00,,0,2134161410
70004534,4534,2006-01-07,A319#17,MRS,CDG,2006-01-07T19:45,2006-01-07T21:15,,0,2134161410
70004514,4514,2006-01-07,A319#18,LYS,CDG,2006-01-07T06:25,2006-01-07T07:35,,0,1484135457
70004503,4503,2006-01-07,A319#18,CDG,LYS,2006-01-07T08:30,2006-01-07T09:40,,0,1484135457
70004516,4516,2006-01-07,A319#18,LYS,CDG,2006-01-07T10:55,2006-01-07T12:05,,0,830250430
70004509,4509,2006-01-07,A319#18,CDG,LYS,2006-01-07T13:10,2006-01-07T14:20,,0,830250430
70004510,4510,2006-01-07,A319#18,LYS,CDG,2006-01-07T16:15,2006-01-07T17:25,,0,830250430
70004513,4513,2006-01-07,A319#18,CDG,LYS,2006-01-07T20:30,2006-01-07T21:40,,0,830250430
70004224,4224,2006-01-07,A320#1,BES,ORY,2006-01-07T05:35,2006-01-07T06:50,,0,932725007
70004225,4225,2006-01-07,A320#1,ORY,BES,2006-01-07T08:10,2006-01-07T09:20,,0,932725007
70004228,4228,2006-01-07,A320#1,BES,ORY,2006-01-07T10:05,2006-01-07T11:20,,0,1450422331
70004239,4239,2006-01-07,A320#1,ORY,BES,2006-01-07T14:40,2006-01-07T15:50,,0,1450422331
70004238,4238,2006-01-07,A320#1,BES,ORY,2006-01-07T16:35,2006-01-07T17:50,,0,1450422331
70004237,4237,2006-01-07,A320#1,ORY,BES,2006-01-07T20:20,2006-01-07T21:30,,0,1450422331
70001364,1364,2006-01-07,A320#2,AJA,ORY,2006-01-07T05:55,2006-01-07T07:35,,0,1454666067
70001363,1363,2006-01-07,A320#2,ORY,AJA,2006-01-07T08:25,2006-01-07T10:05,,0,1454666067
70004435,4435,2006-01-07,A320#2,AJA,ORY,2006-01-07T14:40,2006-01-07T16:20,,0,1015490648
70004436,4436,2006-01-07,A320#2,ORY,AJA,2006-01-07T17:10,2006-01-07T18:50,,0,1015490648
70001374,1374,2006-01-07,A320#3,BIA,ORY,2006-01-07T05:55,2006-01-07T07:30,,0,525100016
70001379,1379,2006-01-07,A320#3,ORY,BIA,2006-01-07T08:30,2006-01-07T10:05,,0,525100016
70001378,1378,2006-01-07,A320#3,BIA,ORY,2006-01-07T11:00,2006-01-07T12:35,,0,759101347
70001375,1375,2006-01-07,A320#3,ORY,BIA,2006-01-07T13:25,2006-01-07T15:00,,0,759101347
70001380,1380,2006-01-07,A320#3,BIA,ORY,2006-01-07T15:50,2006-01-07T17:25,,0,759101347
70001377,1377,2006-01-07,A320#3,ORY,BIA,2006-01-07T19:00,2006-01-07T20:35,,0,759101347
7000152,152,2006-01-07,A320#4,MLH,CDG,2006-01-07T06:05,2006-01-07T07:20,,0,1130118952
7000145,145,2006-01-07,A320#4,CDG,MLH,2006-01-07T08:05,2006-01-07T09:15,,0,1130118952
7000146,146,2006-01-07,A320#4,MLH,CDG,2006-01-07T09:55,2006-01-07T11:10,,0,363842328
7000147,147,2006-01-07,A320#4,CDG,MLH,2006-01-07T12:00,2006-01-07T13:10,,0,363842328
7000148,148,2006-01-07,A320#4,MLH,CDG,2006-01-07T13:50,2006-01-07T15:05,,0,363842328
7000149,149,2006-01-07,A320#4,CDG,MLH,2006-01-07T15:45,2006-01-07T16:55,,0,363842328
7000150,150,2006-01-07,A320#4,MLH,CDG,2006-01-07T17:35,2006-01-07T18:50,,0,363842328
7000151,151,2006-01-07,A320#4,CDG,MLH,2006-01-07T19:55,2006-01-07T21:05,,0,363842328
70002872,2872,2006-01-07,A320#5,MRS,ORY,2006-01-07T06:30,2006-01-07T07:50,,0,744291659
70002879,2879,2006-01-07,A320#5,ORY,MRS,2006-01-07T08:35,2006-01-07T09:50,,0,744291659
70002886,2886,2006-01-07,A320#5,MRS,ORY,2006-01-07T10:30,2006-01-07T11:50,,0,1485403625
70002919,2919,2006-01-07,A320#5,ORY,MRS,2006-01-07T12:35,2006-01-07T13:50,,0,1485403625
70002896,2896,2006-01-07,A320#5,MRS,ORY,2006-01-07T14:30,2006-01-07T15:50,,0,1485403625
70002899,2899,2006-01-07,A320#5,ORY,MRS,2006-01-07T16:35,2006-01-07T17:50,,0,1485403625
70004584,4584,2006-01-07,A320#6,NTE,CDG,2006-01-07T05:35,2006-01-07T06:40,,0,848563345
70004583,4583,2006-01-07,A320#6,CDG,NTE,2006-01-07T08:05,2006-01-07T09:10,,0,848563345
70004588,4588,2006-01-07,A320#6,NTE,CDG,2006-01-07T10:00,2006-01-07T11:05,,0,333461483
70004587,4587,2006-01-07,A320#6,CDG,NTE,2006-01-07T11:45,2006-01-07T12:50,,0,333461483
70004590,4590,2006-01-07,A320#6,NTE,CDG,2006-01-07T13:35,2006-01-07T14:40,,0,333461483
70004593,4593,2006-01-07,A320#6,CDG,NTE,2006-01-07T16:15,2006-01-07T17:20,,0,333461483
70004594,4594,2006-01-07,A320#6,NTE,CDG,2006-01-07T18:05,2006-01-07T19:10,,0,333461483
70004591,4591,2006-01-07,A320#6,CDG,NTE,2006-01-07T20:00,2006-01-07T21:05,,0,333461483
70002966,2966,2006-01-07,A320#7,TLS,ORY,2006-01-07T05:40,2006-01-07T07:00,,0,2039758977
70002973,2973,2006-01-07,A320#7,ORY,TLS,2006-01-07T07:50,2006-01-07T09:00,,0,2039758977
70002980,2980,2006-01-07,A320#7,TLS,ORY,2006-01-07T09:40,2006-01-07T11:00,,0,182621155
70002983,2983,2006-01-07,A320#7,ORY,TLS,2006-01-07T11:50,2006-01-07T13:00,,0,182621155
70002988,2988,2006-01-07,A320#7,TLS,ORY,2006-01-07T13:40,2006-01-07T15:00,,0,182621155
70002995,2995,2006-01-07,A320#7,ORY,TLS,2006-01-07T15:50,2006-01-07T17:00,,0,182621155
70003004,3004,2006-01-07,A320#7,TLS,ORY,2006-01-07T17:40,2006-01-07T19:00,,0,182621155
70003011,3011,2006-01-07,A320#7,ORY,TLS,2006-01-07T19:50,2006-01-07T21:00,,0,182621155
70002965,2965,2006-01-07,A320#8,ORY,TLS,2006-01-07T05:50,2006-01-07T07:00,,0,2090911250
70002974,2974,2006-01-07,A320#8,TLS,ORY,2006-01-07T07:40,2006-01-07T09:00,,0,2090911250
70002977,2977,2006-01-07,A320#8,ORY,TLS,2006-01-07T09:50,2006-01-07T11:00,,0,1048083132
70002984,2984,2006-01-07,A320#8,TLS,ORY,2006-01-07T11:40,2006-01-07T13:00,,0,1048083132
70002989,2989,2006-01-07,A320#8,ORY,TLS,2006-01-07T13:50,2006-01-07T15:00,,0,1048083132
70002996,2996,2006-01-07,A320#8,TLS,ORY,2006-01-07T15:40,2006-01-07T17:00,,0,1048083132
70002969,2969,2006-01-07,A320#9,ORY,TLS,2006-01-07T06:50,2006-01-07T08:00,,0,1372239857
70002976,2976,2006-01-07,A320#9,TLS,ORY,2006-01-07T08:40,2006-01-07T10:00,,0,1372239857
70002981,2981,2006-01-07,A320#9,ORY,TLS,2006-01-07T10:50,2006-01-07T12:00,,0,100621466
70002986,2986,2006-01-07,A320#9,TLS,ORY,2006-01-07T12:40,2006-01-07T14:00,,0,100621466
70002991,2991,2006-01-07,A320#9,ORY,TLS,2006-01-07T14:50,2006-01-07T16:00,,0,100621466
70003000,3000,2006-01-07,A320#9,TLS,ORY,2006-01-07T16:40,2006-01-07T18:00,,0,100621466
70002968,2968,2006-01-07,A320#10,TLS,ORY,2006-01-07T06:10,2006-01-07T07:30,,0,259488708
70002975,2975,2006-01-07,A320#10,ORY,TLS,2006-01-07T08:50,2006-01-07T10:00,,0,259488708
70002982,2982,2006-01-07,A320#10,TLS,ORY,2006-01-07T10:40,2006-01-07T12:00,,0,461272858
70002985,2985,2006-01-07,A320#10,ORY,TLS,2006-01-07T12:50,2006-01-07T14:00,,0,461272858
70002992,2992,2006-01-07,A320#10,TLS,ORY,2006-01-07T14:40,2006-01-07T16:00,,0,461272858
70002999,2999,2006-01-07,A320#10,ORY,TLS,2006-01-07T16:50,2006-01-07T18:00,,0,461272858
70002970,2970,2006-01-07,A320#11,TLS,ORY,2006-01-07T06:40,2006-01-07T08:00,,0,185012673
70004269,4269,2006-01-07,A320#11,ORY,LYS,2006-01-07T09:30,2006-01-07T10:35,,0,185012673
70004270,4270,2006-01-07,A320#11,LYS,ORY,2006-01-07T11:20,2006-01-07T12:25,,0,185012673
70004271,4271,2006-01-07,A320#11,ORY,LYS,2006-01-07T13:40,2006-01-07T14:45,,0,185012673
70004276,4276,2006-01-07,A320#11,LYS,ORY,2006-01-07T16:10,2006-01-07T17:15,,0,185012673
70002967,2967,2006-01-07,A320#11,ORY,TLS,2006-01-07T18:25,2006-01-07T19:45,,0,185012673
70004344,4344,2006-01-07,A320#12,BIQ,ORY,2006-01-07T05:50,2006-01-07T07:10,,0,669806174
70004343,4343,2006-01-07,A320#12,ORY,BIQ,2006-01-07T07:55,2006-01-07T09:10,,0,669806174
70004502,4502,2006-01-07,A320#12,BIQ,CDG,2006-01-07T09:50,2006-01-07T11:20,,0,1178395817
70004501,4501,2006-01-07,A320#12,CDG,BIQ,2006-01-07T12:35,2006-01-07T14:00,,0,1178395817
70004352,4352,2006-01-07,A320#12,BIQ,ORY,2006-01-07T16:20,2006-01-07T17:40,,0,1178395817
70004347,4347,2006-01-07,A320#12,ORY,BIQ,2006-01-07T18:20,2006-01-07T19:35,,0,1178395817
70004168,4168,2006-01-07,A320#13,SXB,ORY,2006-01-07T08:10,2006-01-07T09:10,,0,658194566
70004167,4167,2006-01-07,A320#13,ORY,SXB,2006-01-07T10:25,2006-01-07T11:25,,0,658194566
70004174,4174,2006-01-07,A320#13,SXB,ORY,2006-01-07T13:35,2006-01-07T14:35,,0,2142954714
70004389,4389,2006-01-07,A320#13,ORY,PGF,2006-01-07T15:35,2006-01-07T17:00,,0,2142954714
70004390,4390,2006-01-07,A320#13,PGF,ORY,2006-01-07T17:50,2006-01-07T19:15,,0,2142954714
70004169,4169,2006-01-07,A320#13,ORY,SXB,2006-01-07T20:00,2006-01-07T21:00,,0,2142954714
70002593,2593,2006-01-07,A320#14,LIG,LYS,2006-01-07T05:35,2006-01-07T06:35,,0,1880812379
70004504,4504,2006-01-07,A320#14,LYS,CDG,2006-01-07T10:00,2006-01-07T11:10,,0,1880812379
70004507,4507,2006-01-07,A320#14,CDG,LYS,2006-01-07T12:15,2006-01-07T13:25,,0,1880812379
70004508,4508,2006-01-07,A320#14,LYS,CDG,2006-01-07T16:00,2006-01-07T17:10,,0,1880812379
70004511,4511,2006-01-07,A320#14,CDG,LYS,2006-01-07T17:55,2006-01-07T19:05,,0,1880812379
70004512,4512,2006-01-07,A320#14,LYS,LIG,2006-01-07T19:55,2006-01-07T20:55,,0,1880812379
70004194,4194,2006-01-07,A320#15,MLH,ORY,2006-01-07T05:30,2006-01-07T06:40,,0,1709706839
70004195,4195,2006-01-07,A320#15,ORY,MLH,2006-01-07T08:15,2006-01-07T09:15,,0,1709706839
70004200,4200,2006-01-07,A320#15,MLH,ORY,2006-01-07T10:05,2006-01-07T11:15,,0,472931517
70004197,4197,2006-01-07,A320#15,ORY,MLH,2006-01-07T12:10,2006-01-07T13:10,,0,472931517
70004202,4202,2006-01-07,A320#15,MLH,ORY,2006-01-07T13:55,2006-01-07T15:05,,0,472931517
70004203,4203,2006-01-07,A320#15,ORY,MLH,2006-01-07T18:45,2006-01-07T19:45,,0,472931517
70004486,4486,2006-01-07,A320#16,BOD,CDG,2006-01-07T07:25,2006-01-07T08:50,,0,216794175
70004485,4485,2006-01-07,A320#16,CDG,BOD,2006-01-07T09:55,2006-01-07T11:15,,0,216794175
70004490,4490,2006-01-07,A320#16,BOD,CDG,2006-01-07T12:35,2006-01-07T14:00,,0,384385166
70004549,4549,2006-01-07,A320#16,CDG,MPL,2006-01-07T17:45,2006-01-07T19:10,,0,384385166
70004548,4548,2006-01-07,A320#16,MPL,BOD,2006-01-07T20:00,2006-01-07T21:20,,0,384385166
70002868,2868,2006-01-07,A320#17,MRS,ORY,2006-01-07T07:30,2006-01-07T08:50,,0,921209318
70002877,2877,2006-01-07,A320#17,ORY,MRS,2006-01-07T09:35,2006-01-07T10:50,,0,921209318
70002888,2888,2006-01-07,A320#17,MRS,ORY,2006-01-07T11:30,2006-01-07T12:50,,0,2052955920
70002889,2889,2006-01-07,A320#17,ORY,MRS,2006-01-07T13:35,2006-01-07T14:50,,0,2052955920
70002900,2900,2006-01-07,A320#17,MRS,ORY,2006-01-07T15:30,2006-01-07T16:50,,0,2052955920
70002903,2903,2006-01-07,A320#17,ORY,MRS,2006-01-07T17:35,2006-01-07T18:50,,0,2052955920
70003122,3122,2006-01-07,A320#18,BOD,ORY,2006-01-07T08:00,2006-01-07T09:10,,0,863898425
70003121,3121,2006-01-07,A320#18,ORY,BOD,2006-01-07T10:10,2006-01-07T11:15,,0,863898425
70004668,4668,2006-01-07,A320#18,BOD,LYS,2006-01-07T12:45,2006-01-07T13:55,,0,1662778767
70004669,4669,2006-01-07,A320#18,LYS,BOD,2006-01-07T14:55,2006-01-07T16:00,,0,1662778767
70004664,4664,2006-01-07,A320#18,BOD,LYS,2006-01-07T16:55,2006-01-07T18:05,,0,1662778767
70004665,4665,2006-01-07,A320#18,LYS,BOD,2006-01-07T19:00,2006-01-07T20:05,,0,1662778767
70004623,4623,2006-01-07,A320#19,ORY,SXB,2006-01-07T06:35,2006-01-07T07:35,,0,2035035283
70004626,4626,2006-01-07,A320#19,SXB,CDG,2006-01-07T09:35,2006-01-07T10:45,,0,2035035283
70004625,4625,2006-01-07,A320#19,CDG,SXB,2006-01-07T11:40,2006-01-07T12:50,,0,2035035283
70004634,4634,2006-01-07,A320#19,SXB,CDG,2006-01-07T14:10,2006-01-07T15:20,,0,2035035283
70004629,4629,2006-01-07,A320#19,CDG,SXB,2006-01-07T16:30,2006-01-07T17:40,,0,2035035283
70004630,4630,2006-01-07,A320#19,SXB,CDG,2006-01-07T18:25,2006-01-07T19:35,,0,2035035283
70004647,4647,2006-01-07,A320#19,CDG,ORY,2006-01-07T20:30,2006-01-07T21:40,,0,2035035283
70004723,4723,2006-01-07,A320#20,NTE,LYS,2006-01-07T05:45,2006-01-07T07:00,,0,263157300
70004726,4726,2006-01-07,A320#20,LYS,NTE,2006-01-07T07:55,2006-01-07T09:10,,0,263157300
70004725,4725,2006-01-07,A320#20,NTE,LYS,2006-01-07T10:10,2006-01-07T11:25,,0,1056745520
70004705,4705,2006-01-07,A320#20,LYS,TLS,2006-01-07T15:00,2006-01-07T16:05,,0,1056745520
70004706,4706,2006-01-07,A320#20,TLS,LYS,2006-01-07T16:55,2006-01-07T17:55,,0,1056745520
70004730,4730,2006-01-07,A320#20,LYS,NTE,2006-01-07T18:45,2006-01-07T20:00,,0,1056745520
70004536,4536,2006-01-07,A320#21,MRS,CDG,2006-01-07T06:35,2006-01-07T08:05,,0,689146701
70004525,4525,2006-01-07,A320#21,CDG,MRS,2006-01-07T09:30,2006-01-07T10:55,,0,689146701
70004528,4528,2006-01-07,A320#21,MRS,CDG,2006-01-07T12:05,2006-01-07T13:35,,0,134667610
70004529,4529,2006-01-07,A320#21,CDG,MRS,2006-01-07T14:35,2006-01-07T16:00,,0,134667610
70002870,2870,2006-01-07,A320#21,MRS,ORY,2006-01-07T17:00,2006-01-07T18:20,,0,134667610
70002867,2867,2006-01-07,A320#21,ORY,MRS,2006-01-07T19:10,2006-01-07T20:25,,0,134667610
70004576,4576,2006-01-07,A320#22,NCE,CDG,2006-01-07T05:40,2006-01-07T07:15,,0,1008338748
70004551,4551,2006-01-07,A320#22,CDG,MPL,2006-01-07T08:10,2006-01-07T09:35,,0,1008338748
70004552,4552,2006-01-07,A320#22,MPL,CDG,2006-01-07T10:30,2006-01-07T12:00,,0,1008338748
70004577,4577,2006-01-07,A320#22,CDG,NCE,2006-01-07T12:50,2006-01-07T13:25,,0,1008338748
70004578,4578,2006-01-07,A320#22,NCE,CDG,2006-01-07T15:35,2006-01-07T17:10,,0,773559890
70004575,4575,2006-01-07,A320#22,CDG,NCE,2006-01-07T18:30,2006-01-07T20:05,,0,773559890
70002866,2866,2006-01-07,A320#23,MRS,ORY,2006-01-07T05:30,2006-01-07T06:50,,0,830807798
70002873,2873,2006-01-07,A320#23,ORY,MRS,2006-01-07T07:35,2006-01-07T08:50,,0,830807798
70002874,2874,2006-01-07,A320#23,MRS,ORY,2006-01-07T14:00,2006-01-07T15:20,,0,794882901
70002907,2907,2006-01-07,A320#23,ORY,MRS,2006-01-07T18:35,2006-01-07T19:50,,0,794882901
70004574,4574,2006-01-07,A320#24,NCE,CDG,2006-01-07T06:25,2006-01-07T08:00,,0,16322739
70004565,4565,2006-01-07,A320#24,CDG,NCE,2006-01-07T09:35,2006-01-07T11:10,,0,16322739
70004566,4566,2006-01-07,A320#24,NCE,CDG,2006-01-07T12:00,2006-01-07T13:35,,0,1328157009
70004569,4569,2006-01-07,A320#24,CDG,NCE,2006-01-07T14:40,2006-01-07T16:15,,0,1328157009
70003106,3106,2006-01-07,A320#24,NCE,ORY,2006-01-07T17:05,2006-01-07T18:30,,0,1328157009
70003071,3071,2006-01-07,A320#24,ORY,NCE,2006-01-07T19:20,2006-01-07T20:20,,0,1328157009
70004704,4704,2006-01-07,A321#1,TLS,LYS,2006-01-07T05:50,2006-01-07T06:50,,0,1796576214
70004703,4703,2006-01-07,A321#1,LYS,TLS,2006-01-07T07:45,2006-01-07T08:50,,0,1796576214
70004658,4658,2006-01-07,A321#1,TLS,CDG,2006-01-07T09:35,2006-01-07T11:05,,0,1839244181
70004657,4657,2006-01-07,A321#1,CDG,TLS,2006-01-07T11:55,2006-01-07T13:20,,0,1839244181
70004650,4650,2006-01-07,A321#1,TLS,CDG,2006-01-07T15:00,2006-01-07T16:30,,0,1839244181
70004651,4651,2006-01-07,A321#1,CDG,TLS,2006-01-07T17:25,2006-01-07T18:50,,0,1839244181
70004264,4264,2006-01-07,A321#2,LYS,ORY,2006-01-07T05:50,2006-01-07T06:55,,0,1661516681
70004265,4265,2006-01-07,A321#2,ORY,LYS,2006-01-07T07:40,2006-01-07T08:45,,0,1661516681
70004268,4268,2006-01-07,A321#2,LYS,ORY,2006-01-07T09:30,2006-01-07T10:35,,0,190797265
70004273,4273,2006-01-07,A321#2,ORY,LYS,2006-01-07T11:20,2006-01-07T12:25,,0,190797265
70004272,4272,2006-01-07,A321#2,LYS,ORY,2006-01-07T13:10,2006-01-07T14:15,,0,190797265
70004279,4279,2006-01-07,A321#2,ORY,LYS,2006-01-07T15:00,2006-01-07T16:05,,0,190797265
70004274,4274,2006-01-07,A321#2,LYS,ORY,2006-01-07T16:50,2006-01-07T17:55,,0,190797265
70004275,4275,2006-01-07,A321#2,ORY,LYS,2006-01-07T18:40,2006-01-07T19:45,,0,190797265
70004483,4483,2006-01-07,A321#3,CDG,BOD,2006-01-07T06:30,2006-01-07T07:50,,0,56569042
70004488,4488,2006-01-07,A321#3,BOD,CDG,2006-01-07T09:20,2006-01-07T10:45,,0,56569042
70004487,4487,2006-01-07,A321#3,CDG,BOD,2006-01-07T12:25,2006-01-07T13:45,,0,1903227280
70004492,4492,2006-01-07,A321#3,BOD,CDG,2006-01-07T15:30,2006-01-07T16:55,,0,1903227280
70004563,4563,2006-01-07,A321#4,CDG,NCE,2006-01-07T06:20,2006-01-07T07:55,,0,485266100
70004564,4564,2006-01-07,A321#4,NCE,CDG,2006-01-07T09:05,2006-01-07T10:40,,0,485266100
70004567,4567,2006-01-07,A321#4,CDG,NCE,2006-01-07T11:35,2006-01-07T13:10,,0,1874672702
70004568,4568,2006-01-07,A321#4,NCE,CDG,2006-01-07T13:55,2006-01-07T15:30,,0,1874672702
70004571,4571,2006-01-07,A321#4,CDG,NCE,2006-01-07T17:25,2006-01-07T19:00,,0,1874672702
70004572,4572,2006-01-07,A321#4,NCE,CDG,2006-01-07T19:50,2006-01-07T20:20,,0,1874672702
70004406,4406,2006-01-07,A321#5,MPL,ORY,2006-01-07T08:05,2006-01-07T09:25,,0,1022862599
70004409,4409,2006-01-07,A321#5,ORY,MPL,2006-01-07T10:15,2006-01-07T11:30,,0,1022862599
70004410,4410,2006-01-07,A321#5,MPL,ORY,2006-01-07T12:20,2006-01-07T13:40,,0,645237757
70004413,4413,2006-01-07,A321#5,ORY,MPL,2006-01-07T14:25,2006-01-07T15:40,,0,645237757
70004414,4414,2006-01-07,A321#5,MPL,ORY,2006-01-07T16:25,2006-01-07T17:45,,0,645237757
70004407,4407,2006-01-07,A321#5,ORY,MPL,2006-01-07T18:30,2006-01-07T19:35,,0,645237757
70002543,2543,2006-01-07,BAE200#1,RDZ,ORY,2006-01-07T05:40,2006-01-07T06:50,,0,262918833
70002544,2544,2006-01-07,BAE200#1,ORY,RDZ,2006-01-07T07:25,2006-01-07T08:30,,0,262918833
70002610,2610,2006-01-07,BAE200#2,RNS,NCE,2006-01-07T07:00,2006-01-07T08:35,,0,272026514
70002661,2661,2006-01-07,BAE200#2,NCE,BES,2006-01-07T09:10,2006-01-07T11:05,,0,272026514
70002662,2662,2006-01-07,BAE200#2,BES,NCE,2006-01-07T11:45,2006-01-07T13:35,,0,272026514
70002609,2609,2006-01-07,BAE200#2,NCE,RNS,2006-01-07T14:05,2006-01-07T15:45,,0,272026514
70002793,2793,2006-01-07,BAE200#3,LRT,ORY,2006-01-07T06:00,2006-01-07T07:10,,0,796471501
70002794,2794,2006-01-07,BAE200#3,ORY,LRT,2006-01-07T07:55,2006-01-07T09:00,,0,796471501
70002795,2795,2006-01-07,BAE200#3,LRT,ORY,2006-01-07T09:45,2006-01-07T10:50,,0,1020019581
70002796,2796,2006-01-07,BAE200#3,ORY,LRT,2006-01-07T12:10,2006-01-07T13:15,,0,1020019581
70002797,2797,2006-01-07,BAE200#3,LRT,ORY,2006-01-07T14:00,2006-01-07T15:05,,0,1020019581
70002525,2525,2006-01-07,BAE200#3,ORY,LRT,2006-01-07T16:35,2006-01-07T17:35,,0,1020019581
70002573,2573,2006-01-07,BAE300#1,LIG,ORY,2006-01-07T05:30,2006-01-07T06:35,,0,791771284
70002574,2574,2006-01-07,BAE300#1,ORY,LIG,2006-01-07T08:00,2006-01-07T09:00,,0,791771284
70002581,2581,2006-01-07,BAE300#1,LIG,CDG,2006-01-07T10:05,2006-01-07T11:20,,0,791771284
70002582,2582,2006-01-07,BAE300#1,CDG,LIG,2006-01-07T12:30,2006-01-07T13:45,,0,791771284
70002524,2524,2006-01-07,BAE300#2,UIP,ORY,2006-01-07T05:45,2006-01-07T06:55,,0,1196878155
70002523,2523,2006-01-07,BAE300#2,ORY,UIP,2006-01-07T07:45,2006-01-07T08:50,,0,1196878155
70002526,2526,2006-01-07,BAE300#2,UIP,ORY,2006-01-07T09:45,2006-01-07T10:55,,0,1196878155
70002798,2798,2006-01-07,BAE300#2,ORY,UIP,2006-01-07T13:00,2006-01-07T14:00,,0,1196878155
70002673,2673,2006-01-07,BAE300#3,SXB,LGW,2006-01-07T05:55,2006-01-07T07:20,,0,657187435
70002674,2674,2006-01-07,BAE300#3,LGW,SXB,2006-01-07T07:55,2006-01-07T09:25,,0,657187435
70004624,4624,2006-01-07,BAE300#3,SXB,CDG,2006-01-07T10:30,2006-01-07T11:40,,0,147048153
70004627,4627,2006-01-07,BAE300#3,CDG,SXB,2006-01-07T13:10,2006-01-07T14:20,,0,147048153
70004628,4628,2006-01-07,BAE300#3,SXB,CDG,2006-01-07T15:15,2006-01-07T16:25,,0,147048153
70004631,4631,2006-01-07,BAE300#3,CDG,SXB,2006-01-07T17:45,2006-01-07T18:50,,0,147048153
70002978,2978,2006-01-07,CRJ100#1,TLS,ORY,2006-01-07T08:10,2006-01-07T09:30,,0,359906493
70004345,4345,2006-01-07,CRJ100#1,ORY,BIQ,2006-01-07T10:45,2006-01-07T12:00,,0,359906493
70004348,4348,2006-01-07,CRJ100#1,BIQ,ORY,2006-01-07T12:50,2006-01-07T14:10,,0,359906493
70004351,4351,2006-01-07,CRJ100#1,ORY,BIQ,2006-01-07T15:55,2006-01-07T17:10,,0,359906493
70004354,4354,2006-01-07,CRJ100#1,BIQ,ORY,2006-01-07T18:00,2006-01-07T19:20,,0,359906493
70004342,4342,2006-01-07,CRJ100#1,ORY,TLS,2006-01-07T20:05,2006-01-07T21:05,,0,359906493
70004673,4673,2006-01-07,CRJ100#2,LIL,LYS,2006-01-07T05:45,2006-01-07T07:00,,0,564194307
70004676,4676,2006-01-07,CRJ100#2,LYS,LIL,2006-01-07T07:40,2006-01-07T08:55,,0,564194307
70004791,4791,2006-01-07,CRJ100#2,LIL,NCE,2006-01-07T09:50,2006-01-07T11:35,,0,943091072
70004768,4768,2006-01-07,CRJ100#2,NCE,BOD,2006-01-07T13:05,2006-01-07T14:30,,0,943091072
70004763,4763,2006-01-07,CRJ100#2,BOD,NCE,2006-01-07T15:05,2006-01-07T16:20,,0,943091072
70002663,2663,2006-01-07,CRJ100#2,NCE,LIL,2006-01-07T17:30,2006-01-07T18:30,,0,943091072
70002605,2605,2006-01-07,CRJ100#3,RNS,TLS,2006-01-07T06:40,2006-01-07T07:45,,0,1617046705
70002606,2606,2006-01-07,CRJ100#3,TLS,RNS,2006-01-07T08:10,2006-01-07T09:20,,0,1617046705
70002521,2521,2006-01-07,CRJ100#3,RNS,MPL,2006-01-07T09:50,2006-01-07T11:05,,0,376980210
70002522,2522,2006-01-07,CRJ100#3,MPL,RNS,2006-01-07T11:35,2006-01-07T12:55,,0,376980210
70004213,4213,2006-01-07,CRJ100#3,RNS,ORY,2006-01-07T14:00,2006-01-07T15:05,,0,376980210
70004214,4214,2006-01-07,CRJ100#3,ORY,RNS,2006-01-07T16:15,2006-01-07T17:15,,0,376980210
70005163,5163,2006-01-07,CRJ100#4,BOD,AMS,2006-01-07T05:50,2006-01-07T07:40,,0,295069519
70005164,5164,2006-01-07,CRJ100#4,AMS,BOD,2006-01-07T08:55,2006-01-07T10:45,,0,295069519
70005165,5165,2006-01-07,CRJ100#4,BOD,AMS,2006-01-07T11:25,2006-01-07T13:15,,0,1827753950
70005093,5093,2006-01-07,CRJ100#4,AMS,CFE,2006-01-07T14:00,2006-01-07T15:30,,0,1827753950
70005094,5094,2006-01-07,CRJ100#4,CFE,AMS,2006-01-07T16:40,2006-01-07T18:15,,0,1827753950
70005166,5166,2006-01-07,CRJ100#4,AMS,BOD,2006-01-07T19:00,2006-01-07T20:50,,0,1827753950
70005123,5123,2006-01-07,CRJ700#1,TLS,AMS,2006-01-07T05:05,2006-01-07T07:20,,0,2138821259
70005124,5124,2006-01-07,CRJ700#1,AMS,TLS,2006-01-07T08:25,2006-01-07T10:20,,0,2138821259
70005125,5125,2006-01-07,CRJ700#1,TLS,AMS,2006-01-07T11:00,2006-01-07T13:10,,0,683093156
70005126,5126,2006-01-07,CRJ700#1,AMS,TLS,2006-01-07T14:30,2006-01-07T16:25,,0,683093156
70005127,5127,2006-01-07,CRJ700#1,TLS,AMS,2006-01-07T17:05,2006-01-07T19:15,,0,683093156
70005128,5128,2006-01-07,CRJ700#1,AMS,TLS,2006-01-07T20:05,2006-01-07T22:00,,0,683093156
70002583,2583,2006-01-07,CRJ700#2,RNS,CDG,2006-01-07T05:25,2006-01-07T06:25,,0,2113437503
70004543,4543,2006-01-07,CRJ700#2,CDG,MPL,2006-01-07T10:25,2006-01-07T11:50,,0,2113437503
70004546,4546,2006-01-07,CRJ700#2,MPL,CDG,2006-01-07T12:40,2006-01-07T14:10,,0,2113437503
70002586,2586,2006-01-07,CRJ700#2,CDG,RNS,2006-01-07T19:00,2006-01-07T19:55,,0,2113437503
70004764,4764,2006-01-07,CRJ700#3,NCE,BOD,2006-01-07T05:45,2006-01-07T07:10,,0,1398633607
70004765,4765,2006-01-07,CRJ700#3,BOD,NCE,2006-01-07T07:45,2006-01-07T09:00,,0,1398633607
70003076,3076,2006-01-07,CRJ700#3,NCE,ORY,2006-01-07T11:35,2006-01-07T13:00,,0,1398633607
70003063,3063,2006-01-07,CRJ700#3,ORY,NCE,2006-01-07T14:00,2006-01-07T15:25,,0,1398633607
70004400,4400,2006-01-07,ERJ135#1,FSC,ORY,2006-01-07T07:30,2006-01-07T09:15,,0,1835196615
70004393,4393,2006-01-07,ERJ135#1,ORY,FSC,2006-01-07T09:40,2006-01-07T11:25,,0,1835196615
70002597,2597,2006-01-07,ERJ135#2,LEH,URO,2006-01-07T05:00,2006-01-07T05:20,,0,1501688522
70002598,2598,2006-01-07,ERJ135#2,URO,LYS,2006-01-07T05:40,2006-01-07T07:00,70002597,0,1501688522
70002599,2599,2006-01-07,ERJ135#2,LYS,LEH,2006-01-07T07:40,2006-01-07T09:10,,0,1501688522
70002600,2600,2006-01-07,ERJ135#2,LEH,URO,2006-01-07T09:30,2006-01-07T09:50,70002599,0,1501688522
70002601,2601,2006-01-07,ERJ135#2,URO,LEH,2006-01-07T15:00,2006-01-07T15:20,,0,1501688522
70002602,2602,2006-01-07,ERJ135#2,LEH,LYS,2006-01-07T15:40,2006-01-07T17:10,70002601,0,1501688522
70002603,2603,2006-01-07,ERJ135#2,LYS,URO,2006-01-07T17:50,2006-01-07T19:10,,0,1501688522
70002604,2604,2006-01-07,ERJ135#2,URO,LEH,2006-01-07T19:30,2006-01-07T19:50,70002603,0,1501688522
70004334,4334,2006-01-07,ERJ145#1,AVN,ORY,2006-01-07T05:30,2006-01-07T06:45,,0,2022406920
70004333,4333,2006-01-07,ERJ145#1,ORY,AVN,2006-01-07T08:15,2006-01-07T09:30,,0,2022406920
70004336,4336,2006-01-07,ERJ145#1,AVN,ORY,2006-01-07T10:05,2006-01-07T11:20,,0,2022406920
70004337,4337,2006-01-07,ERJ145#1,ORY,AVN,2006-01-07T12:20,2006-01-07T13:35,,0,2022406920
70004360,4360,2006-01-07,ERJ145#2,LDE,ORY,2006-01-07T06:30,2006-01-07T07:55,,0,1162073078
70004359,4359,2006-01-07,ERJ145#2,ORY,LDE,2006-01-07T08:45,2006-01-07T10:05,,0,1162073078
70004350,4350,2006-01-07,ERJ145#2,LDE,ORY,2006-01-07T10:45,2006-01-07T12:10,,0,1162073078
70004349,4349,2006-01-07,ERJ145#2,ORY,LDE,2006-01-07T12:55,2006-01-07T14:15,,0,1162073078
70004522,4522,2006-01-07,ERJ145#3,CFE,CDG,2006-01-07T05:35,2006-01-07T06:40,,0,1477521204
70004517,4517,2006-01-07,ERJ145#3,CDG,CFE,2006-01-07T07:15,2006-01-07T08:15,,0,1477521204
70004518,4518,2006-01-07,ERJ145#3,CFE,CDG,2006-01-07T08:55,2006-01-07T10:00,,0,346378500
70002584,2584,2006-01-07,ERJ145#3,CDG,RNS,2006-01-07T12:30,2006-01-07T13:35,,0,346378500
70002585,2585,2006-01-07,ERJ145#3,RNS,CDG,2006-01-07T14:55,2006-01-07T15:55,,0,346378500
70004641,4641,2006-01-07,ERJ145#3,CDG,PUF,2006-01-07T17:20,2006-01-07T18:50,,0,346378500
70004642,4642,2006-01-07,ERJ145#3,PUF,CFE,2006-01-07T19:30,2006-01-07T20:30,,0,346378500
70002587,2587,2006-01-07,ERJ145#4,CFR,LYS,2006-01-07T05:25,2006-01-07T06:35,,0,41568198
70002588,2588,2006-01-07,ERJ145#4,LYS,CFR,2006-01-07T07:40,2006-01-07T08:55,,0,41568198
70002595,2595,2006-01-07,ERJ145#4,CFR,LYS,2006-01-07T12:30,2006-01-07T13:40,,0,48190158
70002596,2596,2006-01-07,ERJ145#4,LYS,CFR,2006-01-07T15:00,2006-01-07T16:15,,0,48190158
70004694,4694,2006-01-07,ERJ145#5,NCE,LYS,2006-01-07T05:40,2006-01-07T06:35,,0,282134252
70004693,4693,2006-01-07,ERJ145#5,LYS,NCE,2006-01-07T07:50,2006-01-07T08:50,,0,282134252
70004696,4696,2006-01-07,ERJ145#5,NCE,LYS,2006-01-07T09:50,2006-01-07T10:45,,0,160225133
70004699,4699,2006-01-07,ERJ145#5,LYS,NCE,2006-01-07T11:25,2006-01-07T12:25,,0,160225133
70004700,4700,2006-01-07,ERJ145#5,NCE,LYS,2006-01-07T13:05,2006-01-07T14:00,,0,160225133
70004695,4695,2006-01-07,ERJ145#5,LYS,NCE,2006-01-07T15:00,2006-01-07T16:00,,0,160225133
70002534,2534,2006-01-07,F100#1,BES,NTE,2006-01-07T06:00,2006-01-07T06:45,,0,628641533
70002634,2634,2006-01-07,F100#1,NTE,SXB,2006-01-07T07:15,2006-01-07T08:35,,0,628641533
70002633,2633,2006-01-07,F100#1,SXB,NTE,2006-01-07T09:05,2006-01-07T10:25,,0,628641533
70002533,2533,2006-01-07,F100#1,NTE,BES,2006-01-07T10:55,2006-01-07T11:35,,0,628641533
70002655,2655,2006-01-07,F100#1,BES,LYS,2006-01-07T12:20,2006-01-07T13:50,,0,628641533
70002656,2656,2006-01-07,F100#1,LYS,BES,2006-01-07T14:30,2006-01-07T15:55,,0,628641533
70002648,2648,2006-01-07,F100#2,SXB,LYS,2006-01-07T05:50,2006-01-07T06:50,,0,435943218
70002647,2647,2006-01-07,F100#2,LYS,SXB,2006-01-07T07:40,2006-01-07T08:40,,0,435943218
70004837,4837,2006-01-07,F100#2,SXB,NCE,2006-01-07T09:15,2006-01-07T10:35,,0,178283218
70004838,4838,2006-01-07,F100#2,NCE,SXB,2006-01-07T11:15,2006-01-07T12:35,,0,178283218
70002644,2644,2006-01-07,F100#2,SXB,LYS,2006-01-07T13:10,2006-01-07T14:10,,0,178283218
70002643,2643,2006-01-07,F100#2,LYS,SXB,2006-01-07T15:00,2006-01-07T16:00,,0,178283218
70002520,2520,2006-01-07,F100#3,NTE,TLS,2006-01-07T07:25,2006-01-07T08:25,,0,1988519473
70002519,2519,2006-01-07,F100#3,TLS,NTE,2006-01-07T08:55,2006-01-07T09:55,,0,1988519473
70002518,2518,2006-01-07,F100#3,NTE,TLS,2006-01-07T10:45,2006-01-07T11:45,,0,1988519473
70002517,2517,2006-01-07,F100#3,TLS,NTE,2006-01-07T12:15,2006-01-07T13:15,,0,1988519473
70002626,2626,2006-01-07,F100#3,NTE,MRS,2006-01-07T13:50,2006-01-07T15:10,,0,1988519473
70002625,2625,2006-01-07,F100#3,MRS,NTE,2006-01-07T15:45,2006-01-07T17:10,,0,1988519473
70002653,2653,2006-01-07,F100#4,BES,LYS,2006-01-07T05:25,2006-01-07T06:55,,0,1017541010
70002654,2654,2006-01-07,F100#4,LYS,BES,2006-01-07T07:40,2006-01-07T09:15,,0,1017541010
70002657,2657,2006-01-07,F100#4,BES,MRS,2006-01-07T10:05,2006-01-07T11:45,,0,1017541010
70002658,2658,2006-01-07,F100#4,MRS,BES,2006-01-07T12:25,2006-01-07T14:05,,0,1017541010
70004636,4636,2006-01-07,F100#5,PUF,CDG,2006-01-07T05:25,2006-01-07T06:55,,0,1772116450
70004639,4639,2006-01-07,F100#5,CDG,PUF,2006-01-07T07:30,2006-01-07T09:00,,0,1772116450
70004638,4638,2006-01-07,F100#5,PUF,CDG,2006-01-07T09:45,2006-01-07T11:15,,0,2138614433
70004585,4585,2006-01-07,F100#5,CDG,NTE,2006-01-07T13:00,2006-01-07T14:05,,0,2138614433
70004586,4586,2006-01-07,F100#5,NTE,CDG,2006-01-07T15:15,2006-01-07T16:20,,0,2138614433
70004637,4637,2006-01-07,F100#5,CDG,PUF,2006-01-07T20:10,2006-01-07T21:35,,0,2138614433
70002613,2613,2006-01-07,F100#6,RNS,LYS,2006-01-07T05:30,2006-01-07T06:45,,0,260274019
70002614,2614,2006-01-07,F100#6,LYS,RNS,2006-01-07T07:45,2006-01-07T09:05,,0,260274019
70002619,2619,2006-01-07,F100#6,RNS,LYS,2006-01-07T12:35,2006-01-07T13:50,,0,1816610767
70002620,2620,2006-01-07,F100#6,LYS,RNS,2006-01-07T14:45,2006-01-07T16:05,,0,1816610767
